NAME,MASS,PER
,mjupiter,day
Kepler-107 d,0.00371234,7.958203
Kepler-1049 b,0.00245309,3.27346074
Kepler-813 b,0.0159697,19.12947337
Kepler-427 b,0.29,10.290994
Kepler-1056 b,0.0271261,27.495606
Kepler-1165 b,0.0115843,9.478522
Kepler-1104 b,0.00609283,5.03728015
WASP-14 b,7.69234,2.243752
Kepler-50 b,0.0164915,7.8125124
NN Ser d,0.642621,2605
Kepler-1279 b,0.0129028,23.4774101
Kepler-1599 b,0.0120821,122.363553
Kepler-20 b,0.0266646,3.6961219
HAT-P-27 b,0.617485,3.039577
Kepler-181 b,0.00674351,3.137873
HD 116029 b,1.9075,670
Kepler-207 b,0.0117295,1.611865
Kepler-1156 b,0.00774372,11.89520511
Kepler-1512 b,0.00518721,20.35972599
Kepler-787 b,0.00688654,0.9283105
Kepler-528 b,0.0154788,19.78297415
HD 219828 b,0.0622185,3.8334999
Kepler-480 b,0.0233514,4.9195838
Kepler-1567 b,0.0227057,153.979578
Kepler-1390 b,0.00518721,6.48021673
Kepler-1642 b,0.0304768,12.2057513
Kepler-11 c,0.00912437,13.0241
Kepler-871 b,0.0437521,22.0459018
Kepler-1131 b,0.0118667,3.53232449
Kepler-705 b,0.0156727,56.0560538
HD 1237 b,3.3748,133.71001
WASP-21 b,0.300272,4.322482
Kepler-284 c,0.0210192,37.514456
Kepler-186 c,0.00636705,7.267302
HD 4308 b,0.0477376,15.56
Kepler-239 b,0.0177874,11.763051
Kepler-651 b,0.0181548,21.38521506
Kepler-80 f,0.00609283,0.98678706
Kepler-1217 b,0.0147338,2.03232507
Kepler-895 b,0.0115145,2.80624233
Kepler-628 b,0.243389,15.4580567
Kepler-174 b,0.014454,13.98179
Kepler-440 b,0.0136945,101.11141
Kepler-403 d,0.00991268,13.61159129
Kepler-224 d,0.0174811,11.349393
Kepler-389 c,0.0107805,14.51143
Kepler-674 b,0.0125233,2.24338185
Kepler-1047 c,0.00277643,3.18897601
Kepler-1247 b,0.0178026,13.71220213
Kepler-1210 b,0.0125983,8.07124073
Kepler-254 c,0.0160511,12.412183
Kepler-236 c,0.0147725,23.968127
WASP-25 b,0.57847,3.764825
Kepler-186 d,0.00934866,13.342996
Kepler-1646 b,0.00609283,4.48558383
HD 24040 b,4.02189,3668
Kepler-359 c,0.0607789,57.68802
Kepler-211 c,0.00711292,6.04045
Kepler-967 b,0.0180364,13.22713379
Kepler-1574 b,0.00709482,6.9424334
Kepler-1157 b,0.00392895,4.45743164
Kepler-549 b,0.020474,42.9495649
Kepler-1510 b,0.0340314,84.703921
Kepler-1002 b,0.0126737,4.33642933
Kepler-294 c,0.0223552,6.6264
Kepler-263 c,0.019315,47.332773
Kepler-349 b,0.0139923,5.929778
Kepler-1563 b,0.00105753,3.43276598
Kepler-1611 b,0.00136198,5.1762429
Kepler-1284 b,0.00571923,0.66407381
HD 200964 b,1.94873,613.8
Kepler-706 b,1,41.40831347
HD 147018 b,2.12711,44.236
HD 218566 b,0.212872,225.7
HD 45364 b,0.187149,226.93
Kepler-1177 b,0.014034,106.247547
Kepler-1364 b,0.0160703,13.32196237
Kepler-653 b,0.0143786,14.70748976
Kepler-553 b,0.0707577,4.03046804
Kepler-361 b,0.010538,8.486616
Kepler-318 c,0.0419521,11.815007
Kepler-372 b,0.00850717,6.849692
Kepler-197 e,0.00208313,25.209715
HD 141937 b,9.4752,653.21997
Kepler-405 c,0.071727,29.726682
Kepler-104 d,0.0392746,51.755394
Kepler-702 b,0.531485,10.52629406
Kepler-26 d,0.00371234,3.543919
Kepler-159 b,0.0183139,10.139623
HD 156668 b,0.0130582,4.6455
MOA-2009-BLG-387L b,2.6,1970
Kepler-1045 b,0.0220818,26.41045478
Kepler-905 b,0.00965491,5.08274652
Kepler-763 b,0.00590412,1.19655156
Kepler-1376 b,0.00351465,5.30880656
Kepler-32 f,0.00143611,0.74296
WASP-103 b,1.48791,0.925542
Kepler-990 c,0.0124263,0.53835431
Kepler-221 e,0.0212781,18.369917
Kepler-1028 b,0.00796813,2.51462432
Kepler-256 c,0.0160511,3.38802
GJ 649 b,0.325341,598.3
Kepler-1333 b,0.0238504,109.6471842
Kepler-276 b,0.0247188,14.12841
Kepler-1042 b,0.0163773,10.13202575
Kepler-264 c,0.0241007,140.101261
HD 132406 b,5.60495,974
Kepler-143 b,0.0186399,16.007583
Kepler-1225 b,0.0133743,7.01075434
Kepler-189 c,0.0183139,20.134866
HD 38529 c,12.2603,2146.0503
Kepler-62 b,0,5.714932
Kepler-281 b,0.0239491,14.646008
Kepler-1006 b,0.0115145,19.76172042
Kepler-196 c,0.0168894,47.427737
Kepler-238 c,0.0184218,6.155557
Kepler-49 c,0.0202381,10.9129343
Kepler-55 c,0.016585,42.1516418
Kepler-791 b,0.0277215,14.5539759
WASP-19 b,1.13339,0.78884
Kepler-310 d,0.019315,92.876125
Kepler-619 c,0.0125233,1.20846503
Kepler-204 c,0.0131908,25.660593
Kepler-26 b,0.0397121,12.282356
Kepler-374 c,0.00409374,3.282807
Kepler-395 b,0.00324127,7.054346
HD 126614 A b,0.385706,1244
Kepler-875 b,0.0252452,27.5073799
Kepler-1508 b,0.00796813,20.7056504
Kepler-1568 b,0.00730709,20.925392
Kepler-80 e,0.0121773,4.645387
Kepler-83 d,0.014298,5.169796
Kepler-519 b,0.0155754,24.3078946
Kepler-192 d,0.00313024,6.47027579
Kepler-167 b,0.010538,4.393147
Kepler-772 b,0.0133743,12.99207337
Kepler-295 d,0.00850717,33.884054
Kepler-337 b,0.0115417,3.292781
HD 177830 b,1.31967,410.1
Kepler-516 b,0.110157,24.85462415
Kepler-1562 b,0.0385876,64.2737752
Kepler-226 d,0.00587447,8.109044
HD 38283 b,0.338157,363.2
Kepler-386 b,0.00915403,12.31043
Kepler-922 b,0.00991268,0.93846683
HD 217786 b,13.1868,1319
Kepler-363 c,0.0125062,7.542427
Kepler-687 b,0.0377408,20.50586978
Kepler-1457 b,0.0147338,51.1110243
Kepler-567 b,0.0170154,16.54297375
Kepler-1453 b,0.021778,47.1611696
Kepler-24 d,0.0123736,4.244384
HD 32518 b,3.34549,157.54
Kepler-980 b,0.021778,11.55102504
Kepler-472 b,0.0309268,4.17625551
Kepler-402 c,0.0116666,6.124821
Kepler-435 b,0.84,8.6001536
WASP-18 b,10.2006,0.9414529
CoRoT-6 b,2.95364,8.886593
Kepler-127 c,0.0216742,29.393195
Kepler-839 b,0.020474,37.8144514
Kepler-203 c,0.019315,5.370647
Kepler-1234 b,0.0238504,11.94014029
Kepler-1127 b,0.0144664,5.12330347
Kepler-732 c,0.00668223,0.89304124
HD 73267 b,3.06257,1260
HD 147513 b,1.17965,528.40002
Kepler-1528 b,0.0107116,1.79111021
Kepler-893 b,0.027323,6.33855761
Kepler-1387 b,0.00225358,2.27952666
Kepler-1062 b,0.0129801,9.30412078
HD 72659 b,3.1741,3658
BD +14 4559 b,1.51929,268.94
HD 1605 b,0.96903,577.9
Kepler-79 b,0.0343,13.485
Kepler-202 b,0.0121124,4.069427
Kepler-709 b,0.0256089,16.08524954
HD 197037 b,0.807324,1035.7
HD 70642 b,1.90944,2068
KELT-2 A b,1.52064,4.1137912
Kepler-10 b,0.0142824,0.837495
Kepler-208 e,0.0112762,16.259458
Kepler-1365 b,0.00215846,7.69993485
Kepler-270 c,0.0130508,25.262887
Kepler-966 b,0.0557908,99.747622
Kepler-1010 b,0.0176872,34.2685705
Kepler-811 b,0.0222358,23.58447697
Kepler-225 c,0.0135483,18.794234
Kepler-1305 b,0.0138656,13.5630972
Kepler-150 d,0.0235009,12.56093
Kepler-1322 b,0.0120099,0.96286738
Kepler-405 b,0.015437,10.613839
Kepler-208 b,0.0121124,4.22864
M 67 YBP 1194 b,0.346328,6.958
Kepler-1084 b,0.00422224,2.05333679
Kepler-616 b,0.0188877,9.99761851
Kepler-325 d,0.0235009,38.715185
Kepler-1065 c,0.0119381,2.37030743
Kepler-1464 c,0.00289089,5.32786292
Kepler-340 c,0.0341953,22.824669
Kepler-682 b,0.164047,12.61190667
Kepler-507 b,0.00730709,3.56809693
HD 40307 c,0.0211468,9.62
HD 142 b,1.3057,350.3
Kepler-257 b,0.0210192,2.382667
Kepler-976 b,0.0503054,105.9564148
WASP-10 b,3.19144,3.0927616
Kepler-982 b,0.0170154,15.7738221
GJ 328 b,2.3,4100
WASP-17 b,0.508547,3.735433
HAT-P-17 b,0.530158,10.338523
Kepler-162 b,0.00656354,6.919798
Kepler-487 c,0.0219292,38.6519976
HD 67087 b,3.09805,352.2
Kepler-293 c,0.0463015,54.155743
HD 102329 b,4.47808,778.1
Kepler-872 b,0.0147338,2.57885507
Kepler-1542 d,0.0018073,5.99273738
HD 159868 b,2.20004,1178.4
K2-21 b,0.011856,9.32414
Kepler-424 b,0.770225,3.3118644
Kepler-262 c,0.0121773,21.853722
WASP-117 b,0.2755,10.02165
WASP-75 b,1.07,2.484193
Kepler-1293 b,0.00266535,5.57654784
Kepler-222 b,0.0297967,3.936981
Kepler-334 b,0.00436179,5.470319
HD 114783 b,1.10505,493.7
GJ 581 e,0.00613456,3.14945
Kepler-1638 b,0.0137822,259.33683
Kepler-605 b,0.0101747,3.38353807
Kepler-327 c,0.00324127,5.212333
Kepler-793 b,0.00866602,4.24153639
Kepler-1555 b,0.0120099,8.10501635
Kepler-419 b,2.5,69.7546
epsilon Ret b,1.37669,428.1
GJ 674 b,0.034879,4.6938
Kepler-511 b,0.108498,296.637865
Kepler-1361 b,0.00172655,3.57554956
HD 7924 c,0.0248402,15.299
Kepler-57 c,0.0115953,11.6092567
HD 168443 c,17.3857,1749.83
Kepler-172 c,0.0245625,6.388996
Kepler-1350 b,0.0199266,4.4968604
WASP-70 A b,0.590076,3.7130203
Kepler-933 b,0.0191406,14.20443009
Kepler-1406 b,0.00407386,11.62905828
Kepler-1530 b,0.0121546,2.5904434
Kepler-400 c,0.0115291,17.340824
Kepler-220 e,0.00789025,45.902733
Kepler-1111 b,0.0147338,8.79617863
WASP-57 b,0.675887,2.838971
HAT-P-37 b,1.17362,2.79736
Kepler-198 c,0.019315,49.567416
Kepler-1166 b,0.0125233,33.2406882
Kepler-458 c,0.057999,20.74028413
Kepler-1605 b,0.00378747,85.7565495
Kepler-1222 b,0.00123338,1.91694425
Kepler-1635 b,0.0409391,469.63111
Kepler-615 b,0.0128259,10.35584657
Kepler-249 b,0.00396389,3.306539
WASP-106 b,1.925,9.289715
HD 81040 b,6.87654,1001.7
HD 208527 b,10.014,875.5
Kepler-165 b,0.0176845,8.180848
Kepler-28 b,0.0397121,5.91213
Kepler-118 c,0.184717,20.17202
Kepler-1216 b,0.00915206,4.37034536
HAT-P-32 b,0.861516,2.150008
GJ 163 c,0.0215524,25.63058
HD 95089 b,1.12925,507
XO-3 b,13.2849,3.1915426
Kepler-1380 b,0.0101747,10.3108245
Kepler-478 b,0.0223911,13.2217576
HD 114729 b,0.944758,1114
Kepler-122 e,0.0208911,37.993273
Kepler-634 b,0.0139495,5.16950177
Kepler-881 b,0.0131362,4.44448017
Kepler-103 c,0.0877632,179.612
Kepler-997 b,0.00842926,2.70730672
Kepler-1503 b,0.0172355,96.16987
HD 100655 b,1.33352,157.57
Kepler-400 b,0.0122424,9.024389
Kepler-106 c,0.0328478,13.5708
Kepler-113 b,0.013404,4.754
Kepler-1178 b,0.00364938,31.80634
Kepler-595 b,0.0457295,25.30292332
HD 142415 b,1.66194,386.29999
Kepler-1359 b,0.0240196,59.4970952
Kepler-785 b,1,1.97376093
CoRoT-9 b,0.843564,95.2738
HD 114386 b,1.3637,937.70001
HD 103197 b,0.0982431,47.84
Kepler-698 b,0.0418568,16.32976218
Kepler-1022 b,0.0181548,10.99469878
7 CMa b,2.43233,763
K2-3 b,0.0163773,10.05403
Kepler-368 b,0.0318107,26.84768
Kepler-913 b,0.015288,10.29672521
Kepler-1224 b,0.00796813,13.32351601
Kepler-335 b,0.0346488,6.562331
WASP-16 b,0.842294,3.1186009
Kepler-316 b,0.00359062,2.240508
HD 152581 b,1.51375,689
KIC 11442793 h,0.937417,331.60059
Kepler-103 b,0.0305195,15.9654
Kepler-1426 b,0.0116544,14.2563227
Kepler-993 b,0.0263549,22.08557563
Kepler-338 b,0.0189734,13.726976
Kepler-1588 b,0.00111394,7.84931739
Kepler-985 b,0.0265453,116.331901
Kepler-974 b,0.0117248,4.19449651
Kepler-1248 b,0.00518721,7.46725407
Kepler-129 b,0.0182069,15.79186
Kepler-1331 b,0.00351465,0.78916165
PH-1 b,0.100437,138.506
Kepler-306 d,0.019315,17.326644
Kepler-37 d,0.00577478,39.792187
Kepler-856 b,0.564251,8.02768059
HD 13908 c,5.13,931
HD 125595 b,0.0416764,9.6737
Kepler-1499 b,0.0053608,44.2008
WASP-79 b,0.887514,3.6623817
Kepler-1470 b,0.00364938,16.2950903
Kepler-107 b,0.0116666,3.179997
Kepler-1040 b,0.0154788,201.1214
Kepler-1542 c,0.000639382,2.89223021
Kepler-109 c,0.0199023,21.2227
HIP 57274 c,0.410096,32.03
Kepler-30 d,0.0726872,143.343
Kepler-1349 b,0.000806332,2.12823928
Kepler-877 b,0.0157709,18.45847097
Kepler-720 b,0.381266,4.70832654
Kepler-932 b,0.00866602,1.9214374
Kepler-1628 b,0.112141,76.378033
Kepler-158 c,0.0139923,28.551383
Kepler-858 b,0.0783692,76.13602028
Kepler-777 b,0.0109866,5.72812599
HD 93083 b,0.368176,143.58
Kepler-970 b,0.0231879,16.73652231
HD 31253 b,0.501427,466
Kepler-1579 b,0.00157306,0.84990789
Kepler-191 d,0.0172355,5.94504102
Kepler-357 c,0.0218083,16.85837
Kepler-861 b,0.0172355,3.94963138
Kepler-1258 b,0.00172655,0.98494017
TRAPPIST-1 c,0.00337211,2.421848
Kepler-552 b,0.0499388,5.26341577
HD 89744 b,8.18778,256.78
Kepler-1441 b,0.00752338,39.4419839
Kepler-1341 b,0.0267373,132.9968322
Kepler-738 b,0.01966,24.58721573
HD 183263 c,3.47646,3066
WASP-42 b,0.496968,4.9816877
Kepler-1612 b,0.00325512,3.91795101
Kepler-885 b,0.01966,18.11472949
Kepler-53 d,0.0157841,9.751962
Kepler-48 b,0.0123966,4.778
Kepler-1614 b,0.0115494,3.9466141
HD 192310 c,0.0736073,525.8
HD 1690 b,6.52644,533
HAT-P-41 b,0.800254,2.694047
Kepler-1493 b,0.00965491,15.0217983
Kepler-42 c,0.000954523,0.45328509
Kepler-1492 b,0.0115494,16.75255007
HD 28185 b,5.79721,379
HIP 97233 b,19.8471,1058.8
Kepler-1461 b,0.0150076,29.3494775
Kepler-846 b,0.019398,19.80792185
HD 23127 b,1.40487,1214
HD 154672 b,5.00638,163.94
Kepler-275 d,0.0333072,35.676062
Kepler-52 b,0.015593,7.8773565
Kepler-1561 b,0.00392895,1.00520701
OGLE-TR-10 b,0.62,3.10129
Kepler-370 b,0.011856,4.57953
Kepler-601 b,0.014034,5.37886844
gamma Leo A b,10.3722,428.5
NN Ser c,2.24099,5571
Kepler-1179 b,0.00774372,2.68505749
Kepler-930 b,0.0158698,71.4517775
Kepler-1073 b,0.0174594,8.67888593
HAT-P-2 b,8.87066,5.6334729
HAT-P-24 b,0.685857,3.35524
HD 11506 b,4.7347,1405
Kepler-758 c,0.0125233,4.75793986
tau Boo b,5.95,3.312433
Kepler-422 b,1,7.8914483
Kepler-124 c,0.0129124,13.821375
Kepler-1081 b,0.0030088,3.85691855
Kepler-1539 b,0.0222358,133.3036741
Kepler-1458 b,0.0230257,47.9872764
Kepler-184 c,0.0145328,20.303005
XO-2S c,1.371,120.8
HD 34445 b,0.790506,1049
Kepler-318 b,0.0733215,4.662715
OGLE-2007-BLG-368L b,0.0629,
KELT-7 b,1.28,2.7347749
Kepler-1321 c,0.0185165,2.22649109
Kepler-1311 c,0.00590412,2.53573424
Kepler-1260 b,0.0130579,19.1187753
HD 125612 b,3.06805,559.40487
Kepler-20 f,0.00323095,19.57706
Kepler-198 b,0.0239491,17.790037
42 Dra b,3.73203,479.1
Kepler-808 b,0.0107116,0.63133235
Kepler-216 b,0.0179955,7.693641
Kepler-292 d,0.0167934,7.055679
Kepler-53 b,0.0249941,18.6489525
Kepler-11 b,0.00597804,10.3039
HD 153950 b,2.74209,499.4
Kepler-69 b,0.0168702,13.722341
Kepler-27 c,0.0793989,31.3309
Kepler-1434 b,0.00422224,8.05333618
HD 16141 b,0.249652,75.523
Kepler-221 c,0.0256819,5.690586
WASP-97 b,1.32,2.07276
Kepler-7 b,0.437758,4.885525
HIP 91258 b,1.068,5.0505
Kepler-486 b,0.7621,30.36044667
WASP-24 b,1.091,2.3412127
HAT-P-29 b,0.779004,5.723186
Kepler-38 b,0.0621296,105.595
Kepler-546 b,0.204677,4.14702026
HD 204313 d,1.60642,2831.6
PSR B1257+12 B,0.0135305,66.5419
Kepler-147 b,0.0125754,12.610584
HD 50554 b,4.39876,1224
HD 11964 c,0.0770689,37.910254
Kepler-1044 b,0.021778,6.77408868
Kepler-79 d,0.0189,52.09059
Kepler-344 c,0.0260126,125.596809
HD 13189 b,7.12332,471.6
HD 60532 b,1.0348,201.3
Kepler-1321 b,0.0802404,11.12830484
Kepler-570 b,0.0191406,4.301662
Kepler-1151 b,0.0166923,65.6478424
HAT-P-11 b,0.0825354,4.8878162
Kepler-406 b,0.0199792,2.42629
Kepler-171 b,0.0178911,4.166972
Kepler-627 b,0.0434306,40.6994443
Kepler-330 b,0.00829825,8.25978
HD 104067 b,0.185935,55.806
Kepler-1452 b,0.0222358,42.913751
Kepler-229 b,0.0165098,6.252972
Kepler-638 b,0.0134548,6.07972888
Kepler-144 c,0.00829825,10.104665
Kepler-1372 b,0.00668223,1.31155557
Kepler-758 e,0.0124263,8.1934719
HD 20794 b,0.00848679,18.315
Kepler-94 b,0.0341063,2.50806
Kepler-115 c,0.0208911,8.990889
Kepler-320 c,0.00871939,17.934937
Kepler-1478 b,0.0127496,26.0840594
HD 195019 b,3.57989,18.20132
Kepler-274 c,0.0135483,33.197861
Kepler-1627 b,0.0421671,7.20283653
GJ 832 b,0.684002,3657
Kepler-889 b,0.00392895,3.744439
Kepler-26 e,0.0186399,46.827915
GJ 667 C b,0.0174951,7.1999
Kepler-254 d,0.0196646,18.746477
Kepler-592 b,0.0183949,2.82019241
CoRoT-19 b,1.10792,3.89713
Kepler-264 b,0.0333072,40.806231
Kepler-604 b,0.020755,25.85501786
Kepler-557 b,0.021778,3.70598955
Kepler-1237 b,0.024536,84.5733226
Kepler-122 c,0.115399,12.465988
Kepler-142 b,0.014692,2.024152
alpha Ari b,1.71662,380
Kepler-1450 b,0.0126737,54.5094166
Kepler-148 d,0.428344,51.84688575
Kepler-1148 b,0.0125233,1.10446351
Kepler-240 c,0.0165098,7.953528
Kepler-545 b,0.0220818,13.24934059
61 Vir b,0.016075,4.215
Kepler-298 b,0.014454,10.475464
HD 210702 b,1.86459,354.29
Kepler-1299 b,0.0265453,19.9400874
Kepler-1564 b,0.0109866,18.0540381
Kepler-363 d,0.0151834,11.932125
HAT-P-4 b,0.671507,3.056536
Kepler-1414 b,0.00609283,3.51576315
Kepler-485 b,1,3.2432598
HAT-P-21 b,4.07833,4.124481
Kepler-398 d,0.00189081,6.83437001
Kepler-1180 b,0.0147338,16.8601286
Kepler-1388 b,0.020755,12.2854603
Kepler-215 d,0.0184218,30.864423
Kepler-579 b,0.0147338,9.66857723
Kepler-232 c,0.0463015,11.379349
Kepler-1009 b,0.0162741,11.35011917
Kepler-346 b,0.0216742,6.511127
Kepler-330 c,0.0143757,15.955387
Kepler-1233 b,0.0208973,45.1263042
Kepler-1416 b,0.00189081,1.49514952
alpha Cen B b,0.00354639,3.2357
Kepler-1183 b,0.0240196,28.5057189
mu Ara b,1.74552,643.25
TYC 1422-614-1 c,10,559.3
Kepler-1109 b,0.0163773,37.6467384
Kepler-830 b,0.0125983,11.29695137
WASP-45 b,1.00657,3.1260876
Kepler-916 b,0.0129801,32.2968798
Kepler-725 b,0.623509,39.64317811
Kepler-428 b,1.27,3.52563254
Kepler-1171 b,0.0203354,1.44259224
Kepler-1093 c,0.0144664,89.722292
HD 73526 c,2.4209,377.8
HD 108341 b,3.4773,1129
Kepler-1330 b,0.0122275,10.10769068
Kepler-382 c,0.011856,12.162701
Kepler-667 b,0.0739707,41.43962808
Kepler-495 b,0.09114,3.41303622
Kepler-333 c,0.00422638,24.08821
Kepler-17 b,2.47943,1.4857108
14 Her b,5.21486,1773.4
HAT-P-33 b,0.763256,3.474474
Kepler-692 b,0.028747,21.81293494
Kepler-1223 b,0.00590412,16.301259
Kepler-1232 b,0.014205,26.7839183
Kepler-805 b,0.0250657,30.8638931
Kepler-166 c,0.0183139,34.260281
Kepler-1398 b,0.00197713,2.78815679
Kepler-1629 b,0.00117254,3.87595807
Kepler-835 b,0.0235163,11.41909375
Kepler-992 b,0.0120821,20.16034462
Kepler-1420 b,0.00688654,6.69960006
OGLE-05-169L b,0.04,3300
HIP 79431 b,2.11299,111.7
Kepler-562 b,0.0903378,18.00931444
Kepler-1476 b,0.0123746,10.35863224
Kepler-870 b,0.0233514,21.3587621
Kepler-1155 b,0.0150076,33.469743
HD 171238 b,2.60901,1523
Kepler-1292 b,0.0133743,3.27646405
Kepler-1410 b,0.0131362,60.866168
Kepler-272 c,0.0131908,6.057342
Kepler-157 c,0.0168894,13.5405
HIP 5158 b,1.42633,345.72
Kepler-661 b,0.0281267,6.02930132
Kepler-308 c,0.0161415,15.38231
WASP-46 b,2.10232,1.43037
Kepler-800 b,0.0243624,14.13176026
Kepler-157 b,0.00769114,1.732342
Kepler-1268 b,0.0150076,40.9903986
Kepler-1034 b,0.017125,12.12400943
Kepler-475 b,0.0195285,3.10550819
Kepler-1541 b,0.00485109,8.40691199
GJ 849 b,0.830886,1882
Kepler-587 b,0.0167991,10.94027841
WASP-84 b,0.69431,8.5234865
Kepler-52 d,0.0143757,36.445171
Kepler-1190 b,0.00796813,10.45843441
Kepler-197 c,0.00604207,10.349695
Kepler-599 b,0.0241903,15.65562652
Kepler-163 b,0.00347154,7.810937
Kepler-121 c,0.0171819,41.008011
Kepler-191 b,0.00809262,9.939632
Kepler-123 b,0.0258466,17.232366
Kepler-1123 b,0.0123746,4.33946454
Kepler-320 b,0.00464108,8.371554
HAT-P-1 b,0.532369,4.4652934
Kepler-186 f,0.00421308,129.9459
Kepler-1025 b,0.014644,37.3229493
Kepler-201 b,0.0192003,25.672083
OGLE2-TR-L9 b,4.57442,2.4855335
Kepler-54 b,0.015593,8.0109434
Kepler-973 b,0.0144664,49.6077331
Kepler-355 c,0.0223552,25.762294
Kepler-1472 b,0.014034,38.1312831
Kepler-1135 b,0.0136174,76.957857
Kepler-375 c,0.0215411,19.986326
Kepler-1209 b,0.0121297,25.369115999999998
Kepler-1019 b,0.0107116,1.41122985
Kepler-484 b,0.0172355,10.04556931
Kepler-137 b,0.0110268,8.436387
Kepler-85 d,0.00554835,17.91323
Kepler-1456 b,0.00468851,18.1373829
Kepler-224 c,0.0290307,5.925003
GJ 3341 b,0.0208212,14.207
Kepler-1290 b,0.00991268,4.69500134
Kepler-962 b,0.0145548,12.05707239
WASP-22 b,0.559059,3.53269
Kepler-468 b,1,38.47875707
Kepler-640 b,0.0203354,22.24813967
Kepler-503 b,0.145002,7.25844721
WASP-2 b,0.908659,2.1522254
Kepler-392 b,0.00291583,5.341853
Kepler-247 c,0.0548224,9.439452
Kepler-1076 b,0.00129651,6.14727918
HD 164922 b,0.357927,1155
Kepler-271 b,0.00192504,5.217738
Kepler-30 c,2.01385,60.3231
Kepler-190 c,0.0107805,3.763024
tau Gru b,1.2147,1311
WASP-34 b,0.583354,4.3176782
Kepler-397 c,0.100676,135.498527
HD 96063 b,1.14167,361.1
Kepler-490 b,1,3.26869515
Kepler-1466 b,0.0115843,31.1750448
Kepler-630 b,0.0302544,161.4743937
Kepler-423 b,1,2.68432848
HAT-P-22 b,2.15137,3.21222
51 Eri b,,
Kepler-1374 b,0.0173469,10.65276707
Kepler-1041 b,0.0257931,24.7576421
WASP-28 b,0.907,3.40883
Kepler-221 b,0.0126401,2.795906
CoRoT-7 b,0.014,0.85359163
Kepler-1418 b,0.0123008,22.4764425
HD 5608 b,1.47372,792.6
Kepler-584 b,0.0583181,35.1810304
Kepler-733 b,0.0240196,20.83424726
Kepler-172 e,0.0230631,35.118736
Kepler-1200 b,0.00364938,1.11854972
Kepler-178 b,0.025195,9.576694
Kepler-1207 b,0.0120821,13.68237119
Kepler-147 c,0.0188614,33.416423
Kepler-1096 b,0.00628541,2.89221751
Kepler-1491 b,0.0121297,16.5861762
HATS-1 b,1.86507,3.446459
Kepler-1559 b,0.00090084,0.97191543
Kepler-378 c,0.00082692,28.906009
HD 80606 b,3.89054,111.4367
Kepler-471 b,1,5.01423457
Kepler-158 b,0.0157841,16.709184
Kepler-1511 b,0.0124487,23.2382792
Kepler-45 b,0.511499,2.455239
Kepler-68 b,0.026183,5.398763
Kepler-1195 b,0.0154788,8.49642241
Kepler-665 b,0.0208973,16.01310205
Kepler-950 b,0.305222,98.7180406
Kepler-308 b,0.0157841,9.694928
WASP-78 b,0.883997,2.17517656
Kepler-108 c,0.224011,190.323494
HD 86264 b,6.62738,1475
Kepler-942 b,0.0158698,44.96417488
Kepler-266 c,0.0481581,107.723601
Kepler-1094 b,0.0302544,78.1000231
Kepler-1194 b,0.0121297,16.22371307
8 UMi b,1.52093,93.4
Kepler-1291 b,0.0123008,8.63043276
Kepler-239 c,0.019783,56.228098
Kepler-524 b,0.014034,7.97419807
HD 82943 c,1.58936,219.3
Kepler-205 c,0.0121773,20.306546
Kepler-319 b,0.0121124,4.362705
Kepler-162 c,0.0273861,19.446355
Kepler-126 c,0.0117926,21.869741
HD 216536 b,1.48058,148.6
Kepler-728 b,0.0335331,5.74347727
Kepler-384 c,0.00450004,45.348269
Kepler-669 b,0.0772573,4.12554687
Kepler-1046 b,0.0126737,14.37508035
iota Hor b,2.04683,302.8
Kepler-716 b,0.0252452,10.37168453
HD 37124 d,0.68665,1862
Kepler-853 b,0.0125233,7.16892463
Kepler-690 b,0.118744,7.74809437
Kepler-1500 b,0.00553813,15.0330105
Kepler-1316 b,0.0383032,87.9732136
Kepler-921 b,0.0247111,51.300634
HD 192263 b,0.639382,24.3556
K2-3 c,0.0129801,24.6454
HD 204313 b,3.50088,1920.1
Kepler-1079 b,0.0120821,13.24503188
Kepler-771 b,0.0133743,8.73485836
Kepler-212 c,0.0227766,31.805174
Kepler-53 c,0.0299365,38.5583038
Kepler-707 b,0.00796813,2.23749275
Kepler-1211 b,0.0201979,11.01816836
Kepler-321 b,0.0130508,4.915379
Kepler-1442 b,0.0495748,81.4162941
Kepler-402 d,0.00893492,8.921099
Kepler-339 d,0.00508144,10.558345
Kepler-407 b,0,0.6693109
Kepler-756 b,0.00437411,1.22486632
TrES-3 b,1.91,1.30619
Kepler-188 b,0.0124398,2.061897
HIP 14810 b,3.87441,6.673859
Kepler-695 b,0.542157,3.04033042
Kepler-10 c,0.054117,45.29485
HD 90156 b,0.0565295,49.77
Kepler-786 b,0.0188877,53.5293487
Kepler-259 c,0.0222169,36.924931
Kepler-444 b,0.000134008,3.6001053
Kepler-550 b,0.0642153,8.60010411
Kepler-304 d,0.0229193,9.653471
Kepler-150 e,0.0290307,30.826557
Kepler-218 c,0.029411,44.699576
Pr 211 b,1.84394,2.1451
Kepler-203 b,0.0205131,3.162697
Kepler-981 b,0.0175728,4.46975774
Kepler-6 b,0.669376,3.234723
Kepler-501 b,0.060903,5.64067757
Kepler-244 d,0.0175824,20.050401
24 Sex c,1.51716,910
Kepler-358 b,0.0224946,34.060467
Kepler-373 c,0.00621274,16.725948
HATS-13 b,0.542398,3.0440499
Kepler-466 c,0.00648186,3.70921385
Kepler-1074 b,0.00648186,5.94566534
Kepler-807 b,0.564429,117.93108781
HD 60532 c,2.46312,604
Kepler-299 b,0.00769114,2.927128
Kepler-939 b,0.0129028,14.878296
Kepler-1389 b,0.0130579,99.2530951
Kepler-140 c,0.0132614,91.353282
Kepler-23 d,0.0165098,15.274299
Kepler-1048 b,0.0120099,6.92101021
Kepler-89 c,0.0295756,10.423648
WASP-95 b,1.13,2.184673
Kepler-831 b,0.00668223,5.62153941
HD 68988 b,1.79992,6.27711
Kepler-84 b,0.0172355,8.726
Kepler-637 b,0.0746947,23.20584623
HAT-P-26 b,0.0586489,4.234516
Kepler-1252 b,0.0123746,15.0540329
Kepler-292 f,0.0179955,20.834237
Kepler-847 b,0.00518721,2.3432319
Kepler-1355 b,0.0107116,1.28958811
Kepler-20 e,0.00175601,6.098493
Kepler-296 d,0.0172808,19.850242
HD 149143 b,1.32811,4.072
Kepler-688 b,0.696016,3.89593684
Kepler-62 d,0,18.16406
Kepler-713 b,0.019398,7.411141
HD 79498 b,1.34632,1966.1
Kepler-89 e,0.0409024,54.32031
Kepler-722 b,0.0213319,4.09357325
Kepler-556 b,0.0169068,11.72292176
Kepler-883 b,0.0131362,12.98495573
Kepler-1181 b,0.0117248,4.89337519
Kepler-1336 c,0.0126737,5.77721211
Kepler-897 b,0.0183949,8.0472642
Kepler-298 d,0.0196646,77.473633
Kepler-269 b,0.019315,5.326718
Kepler-248 b,0.0272098,6.308205
HD 181433 c,0.640416,962
Kepler-1375 b,0.0128259,3.3004192
Kepler-454 b,0.0215859,10.57
70 Vir b,7.46144,116.6884
HD 102365 b,0.0509774,122.1
BD -08 2823 b,0.045941,5.6
Kepler-1276 b,0.0053608,12.5720095
Kepler-797 b,0.0162741,27.07237711
Kepler-160 b,0.0115417,4.309427
Kepler-1066 b,0.0181548,1.93155984
Kepler-1318 b,0.028747,213.257663
CoRoT-11 b,2.34813,2.99433
Kepler-369 c,0.00960182,14.871572
Kepler-142 d,0.0161415,41.809118
Kepler-1415 b,0.00709482,0.63642408
Kepler-398 b,0.00225059,4.081423
Kepler-443 b,0.0177875,177.6693
Kepler-746 b,0.00422224,3.48159251
Kepler-1348 b,0.0142915,27.5722742
Kepler-299 d,0.0136944,15.054786
GJ 436 b,0.0726979,2.64385
Kepler-1231 b,0.00991268,10.41725184
Kepler-142 c,0.0245625,4.761702
Kepler-401 d,0.0172355,184.256405
Kepler-815 b,0.055479,8.57503552
Kepler-578 b,0.0147338,1.6168837
Kepler-181 c,0.014692,4.302149
XO-2S b,0.259,18.157
Kepler-364 b,0.011604,25.745718
Kepler-173 c,0.0188614,8.005777
Kepler-609 b,0.0337813,6.52121067
Kepler-1606 b,0.015383,196.435224
Kepler-290 b,0.0169862,14.589347
Kepler-926 b,0.0175728,52.0688601
Kepler-544 b,0.0157709,21.41616926
WASP-37 b,1.79362,3.577469
Kepler-223 c,0.0147725,9.848183
HD 6718 b,1.5591,2496
Kepler-224 e,0.0145328,18.643577
Kepler-322 c,0.0123736,4.337234
HD 33636 b,9.26951,2127.7
Kepler-477 b,0.015383,11.11990653
Kepler-1327 b,0.0132944,14.88801098
Kepler-163 c,0.0170837,21.347262
Kepler-1128 b,0.0412428,61.6178167
HAT-P-40 b,0.6202,4.457243
HD 240237 b,5.31949,745.7
Kepler-494 b,0.218701,8.02511821
Kepler-169 f,0.0206381,87.090195
Kepler-283 b,0.0158724,11.008151
rho CrB b,1.06409,39.8449
Kepler-214 b,0.0210192,15.660544
Kepler-700 b,0.12013,80.8720639
Kepler-1549 b,0.020474,214.886545
Kepler-730 b,0.542157,6.49168426
Kepler-1515 b,0.383964,214.3114164
Kepler-1424 b,0.00485109,29.6091744
Kepler-314 b,0.00150361,2.461069
Kepler-188 c,0.0303861,5.996553
Kepler-731 b,1,3.85560355
Kepler-1338 b,0.00215846,0.93511806
Kepler-233 b,0.0188614,8.472382
Kepler-1530 c,0.0122275,5.3227406
Kepler-118 b,0.014454,7.518496
Kepler-1440 b,0.00648186,39.859484
Kepler-1513 b,0.249782,160.88465087
Kepler-110 b,0.013476,12.691112
HD 11977 b,7.40012,711
Kepler-1192 b,0.0181548,25.2034787
Kepler-1382 b,0.0138656,16.3583055
HD 73534 b,1.06828,1770
Kepler-689 b,0.0250657,22.36656079
Kepler-1643 b,0.0174594,5.34264507
Kepler-195 b,0.0150172,8.307872
Kepler-498 b,0.027323,9.61375356
Kepler-50 c,0.0234642,9.3761368
Kepler-863 b,0.0252452,15.59461874
Kepler-1464 b,0.0123008,31.7785901
HD 164604 b,2.6885,606.4
Kepler-1356 b,0.0124263,0.63400294
Kepler-359 b,0.0380002,25.563222
TRAPPIST-1 b,0.00461504,1.510848
Kepler-1201 b,0.0173469,15.18725932
Kepler-1594 b,0.00364938,2.71603809
Kepler-642 b,0.0252452,4.41745855
Kepler-359 d,0.0520795,77.095691
Kepler-115 b,0.00396389,2.403679
OGLE-05-071L b,3.8,3600
OGLE235-MOA53 b,2.6,
HD 37124 c,0.648109,885.5
HD 217107 c,2.61546,4270
Kepler-1323 b,0.0124263,0.92990668
HD 74156 b,1.77342,51.638
Kepler-928 b,0.0118667,3.9324613
Kepler-180 b,0.0117855,13.817124
HD 103774 b,0.368054,5.8881
Kepler-43 b,3.23143,3.024095
Kepler-76 b,1.96,1.545
Kepler-310 b,0.00538981,13.930698
Kepler-222 c,0.0710944,10.08881
Kepler-1154 c,0.0181548,8.45808312
Kepler-538 b,0.017125,81.73780699
KELT-6 b,0.43122,7.8457
WASP-13 b,0.473883,4.3530135
Kepler-683 b,0.0145548,2.53918318
Kepler-84 c,0.096,12.883
Kepler-918 b,0.0128259,4.85386933
Kepler-569 b,0.029815,34.18890521
HD 13931 b,1.88123,4218
Kepler-58 d,0.0258466,40.101371
HAT-P-18 b,0.197205,5.508023
Kepler-672 b,0.01966,38.3774623
Kepler-357 b,0.0135483,6.475434
Kepler-1518 b,0.0277215,5.11177904
Kepler-971 b,0.0158698,9.59070716
Kepler-406 c,0.00857506,4.62332
HD 155358 c,0.807031,391.9
WASP-43 b,1.77609,0.813475
Kepler-1570 b,0.00364938,26.548955
Kepler-159 c,0.0351084,43.595792
Kepler-39 b,18.1805,21.0874
Kepler-920 c,0.0453941,100.8274113
14 And b,4.68383,185.84
Kepler-1130 b,0.00129651,5.45298175
Kepler-520 b,0.0123008,19.67416124
Kepler-1191 b,0.0121297,5.60014851
Kepler-1012 b,0.00709482,5.50860439
Kepler-1145 b,0.00940137,3.97076766
Kepler-891 b,0.11109,53.44945593
Kepler-727 b,0.0200617,5.15448442
Kepler-215 b,0.0120479,9.360672
Kepler-294 b,0.0130508,3.701212
WASP-88 b,0.563545,4.954
Kepler-29 b,0.0397121,10.3376
Kepler-792 b,0.0144664,11.30119217
Kepler-975 b,0.0112658,1.97034246
Kepler-24 b,0.0185071,8.14561
Kepler-542 b,0.0117248,13.14497566
Kepler-306 b,0.0123086,4.646186
Kepler-656 b,0.0289572,1.26025909
Kepler-83 b,0.0240196,9.77
Kepler-770 b,0.0174594,18.92540274
Kepler-489 b,0.18782,17.27629612
81 Cet b,4.31096,952.7
Kepler-1204 b,0.0277215,85.7350285
Kepler-1218 b,0.0101747,22.9221266
Kepler-1043 b,0.0201979,38.5053398
Kepler-1396 b,0.015383,18.2206421
CoRoT-3 b,21.8549,4.2568
Kepler-377 b,0.00915403,12.509529
Kepler-648 b,0.0309268,17.4211749
Kepler-910 b,0.00142986,2.36436901
Kepler-126 d,0.0196646,100.283134
Kepler-1506 b,0.00774372,14.0329154
HAT-P-38 b,0.267569,4.640382
Kepler-1602 b,0.00819664,11.17931605
Kepler-18 d,0.0516,14.85888
Kepler-1077 b,0.0231879,34.3511874
Kepler-380 b,0.00538981,3.930821
Kepler-1580 b,0.0156727,56.6449279
HD 32963 b,0.7,2372
Kepler-132 d,0.011604,18.010199
Kepler-228 b,0.0125754,2.566546
mu Ara e,0.543322,310.54999
Kepler-97 b,0.0106941,2.58664
WASP-96 b,0.48,3.4252602
Kepler-1229 b,0.00940137,86.828989
Kepler-518 b,0.0156727,8.51203588
Kepler-139 b,0.0258466,15.771044
Kepler-952 b,0.182193,130.3546919
Kepler-375 b,0.010538,12.125934
Kepler-1285 b,0.00266535,14.7967458
HD 136118 b,11.6809,1187.3
Kepler-182 b,0.0206381,9.825792
Kepler-1313 b,0.0129801,3.83309118
HD 6434 b,0.397195,21.997999
HD 5319 b,1.76545,641
Kepler-306 e,0.0171819,44.840975
Kepler-1519 b,0.144903,240.7989397
Kepler-253 b,0.0121124,3.783986
Kepler-259 b,0.0236491,8.115317
Kepler-1586 b,0.0124263,15.6049212
Kepler-1172 b,0.0304768,26.0204423
Kepler-1501 b,0.0116544,14.5564533
HD 231701 b,1.08667,141.60001
Kepler-666 b,0.0185165,4.49876092
PH-2 b,0.488198,282.5255
Kepler-1027 b,0.00189081,1.9078052
CoRoT-18 b,3.48652,1.9000693
Kepler-703 b,0.349418,4.58352176
Kepler-1505 b,0.00225358,30.8609366
Kepler-203 d,0.0102988,11.32972
HD 75898 b,2.51504,418.20001
Kepler-776 b,0.00688654,4.89718784
Kepler-876 b,0.0101747,5.14438011
Kepler-224 b,0.00915403,3.132924
Kepler-1459 b,0.00842926,62.8691611
Kepler-710 b,0.0138656,4.34728553
Kepler-806 b,0.00468851,8.09219642
Kepler-205 b,0.0120453,2.75564
KOI-4427 b,0.0135484,147.6606
Kepler-612 b,0.0241903,3.72215641
MOA-2008-BLG-310L b,0.23,
KIC 11442793 g,0.217563,210.60697
GJ 1214 b,0.0203507,1.58040482
Kepler-824 b,0.0137822,4.51436633
Kepler-1451 b,0.0337813,35.622233
Kepler-268 c,0.0344212,83.446393
Kepler-135 c,0.00493175,11.448708
Kepler-265 c,0.0212781,17.028937
Kepler-1296 b,0.00206633,8.3839865
Kepler-1480 b,0.0123746,22.12679948
Kepler-620 b,0.0330424,12.91375431
16 Cyg B b,1.63997,798.5
HAT-P-25 b,0.567181,3.652836
Kepler-341 e,0.014692,42.473269
HD 213240 b,4.53249,882.7
Kepler-1577 b,0.00452953,6.30560247
Kepler-1409 b,0.00338324,0.76486493
Kepler-1352 b,0.00189081,1.87788275
Kepler-1249 b,0.0182743,24.3347127
Kepler-1269 b,0.0120821,37.3331536
HAT-P-45 b,0.892,3.128992
Kepler-399 b,0.00252018,14.425281
Kepler-341 c,0.012573,8.01041
Kepler-925 b,0.017919,33.8678531
Kepler-265 d,0.0195472,43.130617
Kepler-677 b,0.0964436,6.57531678
HD 33844 b,1.96,551.4
Kepler-243 c,0.014692,20.026218
Kepler-561 b,0.139169,58.3620495
HD 12661 b,2.3408,262.70861
Kepler-467 b,0.0170154,24.99324193
Kepler-1107 b,0.00819664,0.57103852
Kepler-9 c,0.168671,38.90861
HD 74156 c,8.24664,2520
Kepler-165 c,0.0167934,15.31299
Kepler-790 b,0.0162741,13.73469807
Kepler-326 d,0.0057099,6.766888
HD 20794 c,0.00743617,40.114
WASP-47 c,1.23683,572
Kepler-31 c,0.0577969,42.6318
Kepler-82 b,0.0517963,26.444
Kepler-573 b,0.0235163,22.18329658
Kepler-1288 b,0.00437411,2.76122421
Kepler-306 c,0.0179955,7.240193
Kepler-1484 b,0.0156727,30.4549136
Kepler-85 e,0.00674351,25.216751
Kepler-583 b,0.0172355,6.5100253
Kepler-610 b,0.0576809,6.99692655
HD 38801 b,10.0105,696.3
Kepler-964 b,0.0157709,13.5225106
HD 132563 B b,1.49247,1544
Kepler-1227 b,0.0173469,94.2887577
Kepler-351 d,0.0225477,142.544247
Kepler-390 c,0.00126334,13.060022
Kepler-61 b,0.0160339,59.87756
Kepler-1486 b,0.0176872,54.6495759
Kepler-803 b,0.0450611,50.28638192
GJ 667 C c,0.0130687,28.1
HD 207832 c,0.730294,1155.7
Kepler-80 b,0.0222358,7.053
Kepler-1462 b,0.0460671,65.6488341
Kepler-886 b,0.0124263,6.24146367
Kepler-1468 c,0.00485109,3.54553021
Kepler-272 d,0.0169862,10.937304
Kepler-1544 b,0.0131362,168.811174
Kepler-44 b,1.02109,3.24674
HD 5891 b,5.22845,177.11
Kepler-292 b,0.00769114,2.580827
Kepler-228 d,0.0531048,11.094286
Kepler-1000 b,0.0750581,120.0181272
Kepler-140 b,0.0119837,3.25427
Kepler-245 d,0.0273861,36.277108
Kepler-884 b,0.00609283,5.69919514
Kepler-1073 c,0.0121546,4.02582254
Kepler-908 b,0.00590412,1.34059747
HD 173416 b,2.71808,323.6
Kepler-1379 b,0.00730709,0.88184115
Kepler-104 c,0.0292202,23.668205
Kepler-263 b,0.0218083,16.568087
Kepler-1008 b,0.00688654,12.43931193
Kepler-278 c,0.0395346,51.078775
Kepler-1587 b,0.00796813,9.4060467
Kepler-1569 b,0.0124487,5.79180156
Kepler-1273 b,0.0195285,28.625653
Kepler-1365 c,0.00129651,4.77468005
HD 76700 b,0.232142,3.97097
Kepler-366 b,0.0107805,3.281959
HD 39091 b,10.088,2151
Kepler-1636 b,0.0311545,425.47785
Kepler-1068 b,0.0406377,16.92344113
Kepler-596 b,0.0363708,21.30022655
HD 7449 b,1.3131,1275
HD 149026 b,0.361471,2.8758911
Kepler-186 b,0.00370062,3.8867907
Kepler-219 c,0.0392746,22.714613
OGLE-2006-BLG-109L c,0.271,4927.5
Kepler-561 c,0.0219292,5.35016198
Kepler-1240 b,0.00485109,4.8663815
Kepler-361 c,0.0199023,55.188023
Kepler-265 e,0.0207641,67.831024
Qatar-2 b,2.48409,1.3371182
Kepler-1448 b,0.0120099,12.27065865
Kepler-293 b,0.0281036,19.254196
Kepler-166 b,0.0171819,7.650254
Kepler-1551 b,0.021628,24.4973698
HD 216437 b,2.16817,1353
Kepler-1052 b,0.0256089,34.8538276
HAT-P-49 b,1.72959,2.691548
Kepler-623 b,0.0271261,9.07097734
Kepler-1621 b,0.0161718,92.263714
Kepler-367 c,0.00554835,53.578637
Kepler-313 b,0.0200225,14.970418
Kepler-1439 b,0.0107116,8.07392849
Kepler-150 c,0.0422294,7.381998
Kepler-87 b,1.02004,114.73635
Kepler-681 b,0.0283318,26.39435646
Kepler-564 b,0.0707577,3.75083228
HAT-P-7 b,1.7916,2.204737
Kepler-316 c,0.00493175,6.827766
PSR B1257+12 C,0.0122719,98.2114
HD 49674 b,0.101571,4.94737
HD 82943 b,1.68512,442.4
Kepler-342 c,0.014454,26.234138
Kepler-783 b,0.00123338,4.29264638
Kepler-1378 b,0.0164814,11.95398936
Kepler-828 b,0.0121297,0.56785714
WASP-38 b,2.70901,6.87188
WASP-69 b,0.259543,3.8681382
Kepler-139 c,0.0344212,157.072878
Kepler-1199 b,0.00485109,15.0447198
Kepler-817 b,0.500877,3.99010623
HD 77338 b,0.0498139,5.7361
Kepler-29 c,0.0251535,13.2907
Kepler-605 c,0.00172655,2.35895152
Kepler-444 c,0.000273258,4.5458841
HD 220773 b,1.44975,3724.7
Kepler-655 b,0.0223911,46.4063358
Kepler-559 b,0.0400412,17.58752333
WASP-6 b,0.52136,3.361006
HD 7924 d,0.0203801,24.451
Kepler-1337 b,0.0186391,24.4002549
Kepler-1552 b,0.0192688,184.771853
Kepler-206 c,0.0130508,13.137471
Kepler-169 c,0.0057099,6.195469
HD 159868 c,0.73,352.3
HD 137388 b,0.227816,330
HD 95086 b,4.5,
Kepler-196 b,0.0139923,20.739886
Kepler-352 b,0.00170474,10.05537
Kepler-329 b,0.00937625,7.416397
Kepler-179 b,0.0121773,2.735926
Kepler-1080 b,0.0323205,77.2548396
Kepler-176 b,0.0100631,5.433074
WASP-104 b,1.272,1.7554137
WASP-83 b,0.3,4.971252
Kepler-1095 b,0.00571923,4.27103091
Kepler-1170 b,0.0186391,9.98969327
Kepler-310 c,0.0344212,56.47542
Kepler-339 b,0.00983076,4.977656
Kepler-124 d,0.00422638,30.950851
Kepler-52 c,0.0135364,16.3850021
Kepler-1132 b,0.0180364,62.8916228
Kepler-1265 b,0.00819664,6.49441289
Kepler-1494 b,0.0281267,91.080482
WASP-99 b,2.78,5.75251
HD 100777 b,1.16502,383.70001
Kepler-818 b,0.0867729,10.03538581
HAT-P-5 b,1.05561,2.788491
Kepler-1381 b,0.0170154,25.3842686
Kepler-125 b,0.0182069,4.164389
Kepler-193 b,0.0184218,11.38848
Kepler-1078 b,0.014034,3.00725242
Kepler-585 b,0.0240196,2.75235975
HD 222582 b,7.63003,572.38
Kepler-119 c,0.00216566,4.125103
Kepler-558 b,0.0181548,29.00790538
Kepler-670 b,1,2.81650485
Kepler-770 c,0.00553813,1.47532231
Kepler-1188 b,0.0154788,17.1369543
Kepler-434 b,2.86,12.8747099
Kepler-1398 c,0.00325512,4.13827595
Kepler-16 b,0.333,228.776
Kepler-32 d,0.0221838,22.7802
Kepler-58 c,0.0245229,15.5741568
Kepler-758 b,0.019398,12.1097104
Kepler-1122 b,0.0151003,42.1917357
Kepler-1534 b,0.0139495,5.71668872
WASP-33 b,0,1.21986983
HD 128311 b,1.4572,454.2
HD 181433 d,0.535482,2172
TrES-1 b,0.752484,3.030065
HD 4208 b,0.807457,828
Kepler-773 b,0.0101747,3.74910006
Kepler-62 e,0,122.3874
Kepler-120 b,0.0160511,6.312501
HD 5388 b,1.96509,777
Kepler-1393 b,0.00129651,2.44357812
Kepler-1001 b,0.029598,14.30511983
CoRoT-10 b,2.75536,13.2406
Kepler-1309 b,0.0181548,28.8432647
11 UMi b,11.0873,516.22
Kepler-286 d,0.00789025,5.914323
Kepler-338 c,0.0178911,24.310856
WASP-62 b,0.56227,4.411953
Kepler-496 b,0.0176872,8.30864937
Kepler-1641 c,0.0259788,32.657212
Kepler-1616 b,0.00313024,6.76284377
Kepler-300 c,0.0169862,40.714955
Kepler-1582 b,0.0115494,4.83817712
HD 4732 c,2.36493,2732
Kepler-258 c,0.0400599,33.653079
Kepler-555 b,0.0240196,16.21775407
Kepler-1270 b,0.0330424,6.03356196
Kepler-632 b,0.0165864,30.99660733
kappa CrB b,1.9747,1300
Kepler-25 b,0.0223552,6.2385
HD 99492 b,0.106179,17.0431
Kepler-167 c,0.00871939,7.406097
Kepler-291 b,0.0161415,3.546511
HD 204941 b,0.26689,1733
Kepler-664 b,0.021628,2.52559332
Kepler-1051 b,0.0347934,25.96200249
Kepler-603 d,0.00774372,6.2171292
Kepler-218 d,0.021628,124.5244647
Kepler-332 d,0.00523423,34.21154
HD 196050 b,2.8434,1378
WASP-11 b,0.539755,3.722465
HD 111232 b,6.84182,1143
HD 117618 b,0.176652,25.827
Kepler-192 c,0.0235009,21.2234
HD 180902 b,1.56395,479
Kepler-671 b,0.0220818,4.28095859
Kepler-1263 b,0.00468851,4.55139967
HIP 12961 b,0.354314,57.435
Kepler-1357 b,0.00688654,3.0091324
HD 63454 b,0.384566,2.818049
Kepler-460 c,0.101476,220.1303357
BD +48 738 b,1.2654,392.6
Kepler-560 b,0.0126737,18.47764449
Kepler-62 c,0,12.4417
Kepler-371 c,0.0131206,67.968015
Kepler-909 b,0.0109866,13.93290318
Kepler-732 b,0.0162741,9.46781405
Kepler-724 b,0.0325593,3.31494634
NGC 2423 3 b,6.63106,714.3
Kepler-227 b,0.0288426,9.488015
Kepler-33 c,0.0305282,13.17562
Kepler-1280 b,0.0137822,66.5579057
Kepler-1383 b,0.00965491,13.9093583
Kepler-938 b,0.0166923,52.6298417
Kepler-275 b,0.0178911,10.300682
TRAPPIST-1 d,0.00492617,18.202
HD 13908 b,0.865,19.382
HD 50499 b,1.74473,2457.8717
CoRoT-14 b,7.69464,1.51214
Kepler-1542 e,0.00111394,5.10115756
Kepler-820 b,0.124338,127.8338098
Kepler-521 b,0.0302544,22.20813214
Kepler-1136 b,0.0121546,2.36172433
Kepler-176 d,0.019783,25.751974
Kepler-319 d,0.0173806,31.781925
Kepler-832 b,0.015288,7.1396941
Kepler-80 d,0.0128437,3.072186
Kepler-155 b,0.0155228,5.931194
Kepler-342 d,0.0195472,39.459357
Kepler-1015 b,0.0385876,16.00494214
CoRoT-4 b,0.717419,9.20205
Kepler-610 c,0.0325593,151.86392
HAT-P-19 b,0.292273,4.008778
Kepler-736 b,0.0256089,3.60147201
Kepler-784 b,0.0117956,31.5922646
Kepler-825 c,0.0135358,8.1818246
HD 154857 c,2.57917,3452
Kepler-1037 b,0.00688654,1.06378867
Kepler-1425 b,0.00235177,14.4541302
Kepler-454 c,4.47913,523.9
Kepler-24 c,0.0236121,12.3318
Kepler-47 c,0.0729242,303.158
GJ 163 b,0.033876,8.631
Kepler-133 c,0.0242535,31.517586
Kepler-919 b,0.0170154,11.04603384
HIP 116454 b,0.03719,9.1205
Kepler-924 b,0.0281267,61.0370117
Kepler-988 b,0.015383,17.76080053
Kepler-33 f,0.0654095,41.02902
Kepler-116 b,0.0353405,5.968734
Kepler-869 b,0.0400412,40.4287755
Kepler-848 b,0.0125983,6.91134416
Kepler-107 c,0.0133325,4.901425
Kepler-84 e,0.0208911,27.434389
Kepler-109 b,0.0182069,6.48163
Kepler-764 b,0.0121546,7.33683936
Kepler-734 b,0.0388741,6.10485286
Kepler-315 b,0.0445124,96.101141
Kepler-837 b,0.0203354,16.56059504
Kepler-639 b,0.0182743,10.21420496
KIC 11442793 f,0.0254263,124.9144
Kepler-1208 b,0.0176872,11.08507637
Kepler-1238 b,0.014205,4.14787559
Kepler-586 b,0.0235163,2.10472218
Kepler-757 b,0.00842926,1.02267882
HD 2039 b,5.92499,1120
Kepler-170 b,0.0305853,7.930592
Kepler-36 c,0.025489,16.23855
Kepler-247 d,0.0497576,20.477912
Kepler-136 b,0.0151834,11.5789
XO-2 b,0.566541,2.615857
Kepler-859 b,0.0285386,20.38177573
Kepler-305 d,0.0223552,16.738661
Kepler-120 c,0.0125754,12.794585
Kepler-393 b,0.00711292,9.182417
Kepler-96 b,0.0261659,16.23844
Kepler-11 d,0.0229683,22.6845
Kepler-1497 b,0.0123008,8.74199772
Kepler-1257 b,0.0124263,2.66831376
HD 187085 b,0.803694,986
HD 118203 b,2.13623,6.1335
Kepler-833 b,0.0149156,18.7546998
Kepler-106 b,0.00144019,6.16486
Kepler-198 d,0.0124263,1.31184443
Kepler-464 b,0.0325593,7.25696522
WASP-63 b,0.378096,4.37808
Kepler-30 b,0.035557,29.334
Kepler-836 b,0.0227057,11.36112327
Kepler-214 c,0.0158724,28.7798
Kepler-946 b,0.014205,11.79162572
HD 175167 b,7.77836,1290
Kepler-273 b,0.0117855,2.936532
Kepler-461 b,0.0206139,8.31378306
Kepler-1603 b,0.00709482,2.27163926
Kepler-323 c,0.0121124,3.553822
Kepler-84 d,0.00893492,4.224537
Kepler-267 c,0.0158724,6.87745
HAT-P-16 b,4.2025,2.77596
TrES-4 b,0.925,3.553945
Kepler-231 c,0.0142208,19.271566
NGC 4349 127 b,9.88561,677.8
Kepler-184 b,0.0181008,10.687576
GJ 676 A b,4.89701,1056.8
Kepler-60 b,0.0172607,7.1316185
Kepler-1124 b,0.00688654,2.85234897
Kepler-1235 b,0.00123338,4.16055856
Kepler-151 b,0.0279223,15.228958
Kepler-242 c,0.0147725,14.496481
Kepler-230 b,0.0596201,32.625555
HD 47186 c,0.348285,1353.6
Kepler-463 b,0.0277215,8.98101683
Kepler-1553 b,0.00485109,4.24261881
Kepler-1003 b,0.0131362,3.55485691
Kepler-840 b,1,2.49577962
Kepler-351 c,0.0303861,57.24809
Kepler-534 b,0.0169068,15.95994513
Kepler-350 b,0.0136211,11.189562
Kepler-382 b,0.00769114,5.262155
Kepler-900 b,0.0154788,6.9913086
HIP 14810 d,0.5806,950.69651
Kepler-209 b,0.0170837,16.087845
Kepler-123 c,0.0112762,26.695074
HD 142245 b,1.89038,1299
Kepler-1251 b,0.0135358,45.0904643
Kepler-59 c,0.0149563,17.9801235
Kepler-493 b,1,3.00387658
KIC 11442793 b,0.00752338,7.008151
Kepler-1054 b,0.0213319,4.30655689
Kepler-258 b,0.0537981,13.19722
Kepler-1607 b,0.00215846,13.6473676
Kepler-309 c,0.019783,105.356383
Kepler-1447 b,0.0252452,56.6747285
Kepler-302 c,1,127.282184
Kepler-1489 b,0.0130579,82.294751
HD 30177 b,9.68782,2770
Kepler-466 b,0.0243624,51.07926307
Kepler-678 b,0.087953,7.27503724
Kepler-446 d,0.00890695,5.148921
Kepler-4 b,0.0772279,3.21346
Kepler-1370 b,0.0135358,20.2641684
Kepler-882 b,0.00609283,3.98953967
bet Cnc b,7.8,605.2
HD 190647 b,1.90296,1038.1
Kepler-530 b,0.0271261,39.30941904
Kepler-1522 b,0.0127496,1.84788917
Kepler-759 b,0.0172355,41.805985
Kepler-1351 b,0.000639382,0.91614077
Kepler-529 c,0.0147338,12.8345022
Kepler-977 b,0.0211858,26.85328322
HD 97658 b,0.024739,9.4909
Kepler-261 b,0.0163243,10.381227
Kepler-658 b,0.0120821,1.28707676
Kepler-57 b,0.0163986,5.7293196
Kepler-175 b,0.020389,11.903515
Kepler-509 b,0.0195285,41.74600392
Kepler-577 b,0.0201979,25.69578251
Kepler-323 b,0.0100631,1.678327
Kepler-1153 b,0.0127496,1.75583533
Kepler-433 b,2.82,5.33408384
Kepler-1319 b,0.00819664,2.88676265
Kepler-377 c,0.0152673,27.014976
HD 106270 b,11.0869,2890
Kepler-1287 b,0.0115145,11.47685909
Kepler-426 b,1,3.21751883
Kepler-379 c,0.0173806,62.784697
WASP-20 b,0.311,4.8996285
HD 30856 b,1.85721,912
Kepler-315 c,0.056492,265.469335
Kepler-80 c,0.022,9.522
Kepler-179 c,0.0147725,6.40013
HD 24064 b,9.45161,535.6
HD 48265 b,1.20645,762
Kepler-476 b,0.0283318,14.00640607
Kepler-154 e,0.0118373,3.93276465
HATS-4 b,1.323,2.156729
Kepler-1608 b,0.0127496,16.4735686
Kepler-527 b,0.0241903,13.28535633
CoRoT-27 b,10.3882,3.57532
Kepler-1115 b,0.0125983,23.5540725
Kepler-1141 b,0.00142986,2.34451194
Kepler-360 c,0.0156092,7.186434
Kepler-154 d,0.0467496,20.54981883
Kepler-262 b,0.00850717,13.060855
Kepler-969 c,0.00277643,1.6829346
Kepler-1106 b,0.0122275,1.25275217
Kepler-381 b,0.0028129,5.629021
Kepler-168 c,0.0220797,13.193242
Kepler-84 f,0.0165098,44.552169
Kepler-874 b,0.0499388,40.0686727
Kepler-987 b,0.0318486,105.3033148
Kepler-529 b,0.0136995,1.98035766
HD 89307 b,1.79148,2166
Kepler-1039 b,0.0107116,0.93488424
Kepler-1112 b,0.0271261,14.36267939
HD 163607 c,2.2924,1314
Kepler-960 b,0.0173469,3.12686223
WASP-49 b,0.378231,2.7817387
Kepler-288 b,0.0123736,6.097326
Kepler-37 c,0.0107897,21.301886
Kepler-1314 b,0.0867729,5.42474928
Kepler-55 b,0.0188372,27.9481449
Kepler-1504 b,0.0158698,82.304003
HD 4313 b,2.17173,356
Kepler-1197 b,0.00648186,2.03231845
HR 8799 b,7,164253
Kepler-774 b,0.0300338,11.0895723
Kepler-1173 b,0.00189081,0.7698536
HD 2638 b,0.477325,3.4442
Kepler-272 b,0.0100631,2.971353
Kepler-231 b,0.0127755,10.065275
Kepler-512 b,0.0220818,34.43587975
Kepler-747 b,0.0923502,35.61760587
Kepler-827 b,0.105771,51.92927591
Kepler-1057 b,0.0340314,14.08827448
HD 168443 b,7.69745,58.11247
WASP-41 c,2.97516,350.3
Kepler-373 b,0.00850717,5.535309
Kepler-1622 b,0.0109866,10.8118737
Kepler-288 d,0.0218083,56.633742
HD 10180 f,0.0743252,122.72
Kepler-445 c,0.020474,4.871229
Kepler-1088 b,0.00991268,23.12748644
HD 45350 b,1.83614,963.6
Kepler-770 d,0.00940137,4.15244722
HD 69830 c,0.0367709,31.559999
Kepler-963 b,0.021628,9.97683705
TYC 1422-614-1 b,2.5,198.4
Kepler-21 b,0.0121473,2.785755
Kepler-352 c,0.00621274,16.332995
Kepler-363 b,0.00493175,3.614568
Kepler-1053 b,0.00266535,2.41435165
Kepler-390 b,0.00144064,6.738088
CoRoT-28 b,0.484,5.20851
Kepler-340 b,0.0200225,14.844387
Kepler-679 b,0.0271261,12.39358604
Kepler-335 c,0.0281036,67.844469
Kepler-841 b,0.09114,124.4198398
HD 47186 b,0.071203,4.0845
Kepler-226 b,0.011604,3.940997
KELT-3 b,1.46164,2.70339
Kepler-51 c,0.0126,85.3128662
Kepler-1639 b,0.0206139,9.878482
HD 148427 b,1.14357,331.5
Kepler-810 b,0.014205,4.59725385
Kepler-226 c,0.0171819,5.349555
Kepler-1520 b,0.111491,0.65355357
Kepler-533 b,0.0345375,28.51120525
epsilon Tau b,7.67663,594.90002
Kepler-11 e,0.0264312,31.9996
Kepler-366 c,0.0131908,12.51616
Kepler-1419 b,0.024536,42.5215895
HAT-P-46 b,0.493,4.463129
HD 208487 b,0.5122,130.08
Kepler-1033 b,0.0197927,7.56052806
Kepler-616 c,0.0350514,90.4113556
Kepler-288 c,0.0244074,19.305772
Kepler-1517 b,0.696016,5.54608367
Kepler-48 d,0.0151,42.8961
Kepler-626 b,0.0173469,14.48585199
Kepler-311 b,0.012573,9.176092
Kepler-117 c,0.923754,50.790412
epsilon Eri b,1.05448,2500
Kepler-271 d,0.000678484,5.24972541
Kepler-69 c,0.0126299,242.4613
Kepler-935 b,0.00819664,4.88083852
Kepler-1245 b,0.0101747,4.35409304
Kepler-296 f,0.0131908,63.335879
HD 20782 b,1.9,591.9
Kepler-613 b,0.0173469,15.77979614
Kepler-1011 b,0.0247111,5.75322197
Kepler-1536 b,0.0293826,364.758031
Kepler-726 b,0.0318486,21.80451088
Kepler-1400 b,0.0120821,9.06689421
Kepler-896 b,0.0200617,144.547396
Kepler-228 c,0.0222169,4.134444
HD 190360 c,0.0589738,17.111027
Kepler-23 c,0.0305282,10.7421
Kepler-823 b,0.0117248,4.16809082
Kepler-1490 b,0.0275214,92.4362973
Kepler-378 b,0.00105258,16.092361
Kepler-760 b,0.0279233,8.70419416
Kepler-1558 b,0.000761911,3.50470358
Kepler-1618 b,0.00648186,6.10826019
HD 65216 b,1.21636,613.09998
Kepler-343 c,0.0149351,23.22182
Kepler-42 b,0.0012042,1.2137672
Kepler-593 b,0.0247111,21.21708973
Kepler-212 b,0.00396389,16.257582
Kepler-296 c,0.0160511,5.841648
Kepler-1482 b,0.0030088,12.25383217
Kepler-157 d,0.0107116,7.02573474
Kepler-1004 b,0.145803,5.28789787
Kepler-356 b,0.0117295,4.612696
Kepler-968 b,0.0147338,3.69298373
HAT-P-13 b,0.85708,2.91625
Kepler-244 b,0.0230631,4.311792
Kepler-448 b,0,17.8552333
GJ 3634 b,0.0221881,2.64561
Kepler-9 b,0.248945,19.243158
Kepler-1070 b,0.0127496,6.2216147
Kepler-1087 b,0.000499273,0.69384285
Kepler-1071 b,0.0182743,6.1799844
Kepler-1432 b,0.0166923,23.9109011
HD 130322 b,1.04309,10.7085
Kepler-1422 b,0.0149156,18.6051942
Kepler-1388 e,0.0191406,37.6327084
Kepler-934 b,0.0154788,55.6738309
Kepler-31 d,0.0685925,87.648901
Kepler-399 d,0.0139171,58.034616
Kepler-215 c,0.0130508,14.667108
Kepler-108 b,0.268526,49.183921
Kepler-742 b,0.0313841,8.36086824
Kepler-1050 c,0.0112658,21.1284569
Kepler-1298 b,0.00752338,7.12811928
Kepler-1297 b,0.00266535,1.68189002
Kepler-1613 b,0.0154788,1.5184299
Kepler-903 c,0.0200617,62.9228557
Kepler-348 c,0.00789025,17.265427
Kepler-1543 b,0.0223911,6.96710269
Kepler-124 b,0.000957504,3.410493
Kepler-185 c,0.0149351,20.729042
Kepler-191 c,0.0136944,17.738506
omega Ser b,1.70083,277.02
Kepler-111 b,0.0117926,3.341815
Kepler-673 b,0.165168,3.72873109
Kepler-965 b,0.0345375,134.2527298
Kepler-1295 b,0.0115843,3.81371974
Kepler-968 c,0.0125233,5.70940492
HD 16175 b,4.37946,990
Kepler-235 b,0.0167934,3.340222
Kepler-1436 b,0.00752338,9.705716
HD 46375 b,0.227201,3.023573
Kepler-48 c,0.045968,9.67395
Kepler-114 b,0.00656354,5.188549
Kepler-60 d,0.0202381,11.9016171
Kepler-741 b,0.0263549,7.03902374
CoRoT-29 b,0.85,2.85057
Kepler-868 b,0.0151938,5.03251791
Kepler-14 b,8.40643,6.790123
Kepler-234 c,0.0375018,7.21205
Kepler-1308 b,0.000287933,2.10433812
Kepler-1302 b,0.0101747,8.83922659
CoRoT-13 b,1.31099,4.03519
HD 98219 b,2.12353,436.9
HD 12648 b,2.89937,133.6
HD 11964 b,0.608106,1944.5898
HAT-P-34 b,3.334,5.452654
Kepler-654 b,0.015383,13.72465129
Kepler-421 b,0.0592807,704.1984
Kepler-1241 b,0.0213319,18.5525701
MOA-2010-BLG-477L b,1.5,
Kepler-31 b,0.0606674,20.8613
Kepler-85 c,0.0162741,12.513
Kepler-1198 b,0.0109866,7.6847716
Kepler-1139 b,0.0053608,0.81316672
Kepler-219 d,0.0237984,47.903645
Kepler-1206 b,0.0121546,1.21699766
mu Leo b,2.4,357.8
Kepler-431 b,0.00120877,6.803
Kepler-1531 b,0.00422224,1.13854338
Kepler-248 c,0.0541479,16.239494
Kepler-481 b,0.01966,10.06082567
HD 139357 b,10.0754,1125.7
HD 1461 b,0.0240044,5.7727
Kepler-1275 b,0.0112658,3.65691115
Kepler-283 c,0.013404,92.743711
HAT-P-30 b,0.711088,2.810595
Kepler-430 c,0.0129028,110.979
Kepler-1360 b,0.0347934,40.5286413
Kepler-901 b,0.00866602,3.51749439
Kepler-251 d,0.0232079,30.133001
Kepler-234 b,0.0425085,2.711506
Kepler-37 b,0.00958673,13.367308
Kepler-392 c,0.00409374,10.423118
HD 8535 b,0.682196,1313
Kepler-1619 b,0.00111394,23.6225913
Kepler-1473 b,0.0053608,14.4273551
HAT-P-28 b,0.627833,3.257215
Kepler-474 b,0.0279233,5.66067294
Kepler-349 c,0.014454,12.247629
HD 4203 b,2.08215,431.88
Kepler-553 c,0.862662,328.2399546
Kepler-331 d,0.0121773,32.134328
HD 102956 b,0.951497,6.4948
WTS-2 b,1.12,1.0187074
Kepler-362 c,0.010538,37.866281
Kepler-1147 b,0.0210409,10.62784997
Kepler-186 e,0.00672298,22.407793
Kepler-321 c,0.0176845,13.093921
Kepler-1083 b,0.0340314,33.4177993
Kepler-376 c,0.0131908,14.172327
Kepler-1589 b,0.00392895,0.99166527
Fomalhaut b,0.5,318498
GJ 176 b,0.0259969,8.7832
Kepler-873 b,0.0440759,20.5533844
HD 23079 b,2.4433,730.6
HD 178911 B b,7.29127,71.484
WASP-58 b,0.891379,5.01718
Kepler-506 b,0.0227057,6.8834055
Kepler-1571 b,0.0124263,3.38555488
Kepler-543 b,0.01966,13.89961966
Kepler-1535 b,0.0201979,138.9442
Kepler-1030 b,0.019398,19.32952416
Kepler-244 c,0.0151834,9.767292
Kepler-245 e,0.0129028,3.21982106
Kepler-1067 b,0.00129651,0.76212926
Kepler-354 b,0.0135483,5.47666
Kepler-1203 b,0.00364938,0.58800076
Kepler-278 b,0.0541479,30.160546
HD 162020 b,15.2138,8.428198
Kepler-809 b,0.0271261,55.63934
Kepler-1468 b,0.0127496,8.23984869
Kepler-1368 b,0.0122275,0.67564949
Kepler-183 b,0.0152673,5.687945
Kepler-1392 b,0.0144664,15.1410397
MOA-bin-1L b,3.7,
Kepler-1556 b,0.0144664,8.82713457
Kepler-944 b,0.0213319,43.3167737
Kepler-1110 b,0.021628,9.69312032
Kepler-210 c,0.0403249,7.972513
Kepler-437 b,0.0159616,66.65062
Kepler-184 d,0.0195472,29.022358
HD 168746 b,0.245103,6.404
GJ 876 c,0.612168,30.0881
Kepler-1164 b,0.00437411,3.97599768
Kepler-958 b,0.015288,9.7678805
Kepler-20 c,0.0495058,10.854092
Kepler-712 c,0.0779976,226.89047
Kepler-47 b,0.026473,49.514
Kepler-580 b,0.020474,8.22241966
Kepler-296 b,0.00233796,3.621457
Kepler-755 b,0.0129801,1.26909037
Kepler-402 b,0.00587447,4.028751
Kepler-260 b,0.0148535,8.187399
Kepler-255 c,0.0266892,9.946047
Kepler-750 b,0.0281267,9.42887179
HD 215497 b,0.020855,3.93404
Kepler-1221 b,0.0138656,12.00096042
Kepler-62 f,0,267.291
Kepler-1160 b,0.0159697,7.97034958
HATS-5 b,0.237663,4.763387
HD 154345 b,0.956901,3341.5588
Kepler-60 c,0.0192896,8.9193459
Kepler-1031 b,0.0018073,1.22621732
Kepler-523 b,0.0144664,5.83598311
Kepler-395 c,0.00769114,34.989262
HD 217107 b,1.40112,7.1268163
Kepler-1550 b,0.0271261,225.582809
Kepler-431 c,0.00075757,8.703
mu Ara c,1.88907,4205.8
HD 7199 b,0.295018,615
Kepler-887 c,0.00452953,7.63846023
Kepler-233 c,0.0223552,60.418955
GJ 433 b,0.0181986,7.3709
Kepler-1301 b,0.00940137,9.08237046
Kepler-1350 c,0.0127496,1.76678906
HD 159243 b,1.13,12.62
Kepler-327 d,0.0127755,13.969457
HAT-P-31 b,2.16904,5.005425
Kepler-878 b,0.014205,25.9422033
OGLE-TR-113 b,1.26,1.4324757
Kepler-356 c,0.0133325,13.121632
Kepler-41 b,0.493545,1.855558
Kepler-798 b,0.0183949,13.71933369
Kepler-825 b,0.0124263,3.77360059
Kepler-473 b,0.0545024,14.55731705
Kepler-270 b,0.0148535,11.476094
HD 285507 b,0.917,6.0881
Kepler-1307 b,0.0192688,18.01621096
Kepler-1573 b,0.00553813,2.6157554
HD 40307 d,0.028076,20.46
Kepler-590 b,0.0525568,5.85296257
Kepler-1220 b,0.0124263,7.42693741
Kepler-849 b,0.149499,394.6244904
HD 290327 b,2.54762,2443
Kepler-438 b,0.00436191,35.23319
Kepler-1315 b,0.00890695,0.84338011
GJ 876 e,0.039229,124.26
Kepler-1413 b,0.0133743,13.1829642
Kepler-1604 b,0.00965491,0.68368426
Kepler-1471 b,0.00965491,3.63899398
Kepler-1445 b,0.00255759,10.60052251
Kepler-1020 b,0.0172355,96.9151496
Kepler-572 b,0.0206139,17.20523483
Kepler-1598 b,0.00245309,4.34195123
Kepler-1187 b,0.0210409,18.87064068
Kepler-949 b,0.0254263,8.6893073
HD 169830 c,4.06407,2102
Kepler-608 b,0.0409391,6.41251504
47 UMa c,0.545774,2391
Kepler-85 b,0.0145548,8.306
Kepler-880 b,0.021628,7.71468975
Kepler-1343 b,0.014205,3.35183158
Kepler-575 b,0.0183949,9.37891944
Kepler-313 c,0.0205131,32.273273
Kepler-199 b,0.0288426,23.637604
Kepler-172 b,0.0179955,2.940309
Kepler-223 d,0.0265182,14.788759
Kepler-431 d,0.00452953,11.922
Kepler-917 b,0.014034,2.97041437
Kepler-1072 b,0.0117956,1.5690665
Kepler-360 b,0.0122424,3.289672
Kepler-1212 b,0.0159697,12.94130146
Kepler-246 b,0.0178911,4.60182
Kepler-347 b,0.0145328,12.79836
HD 63765 b,0.643827,358
Kepler-217 c,0.0136211,8.586004
HD 85390 b,0.131884,788
Kepler-1590 b,0.00468851,7.61760804
Kepler-1498 b,0.00796813,48.051405
Kepler-401 c,0.0160511,47.318218
Kepler-299 c,0.0215411,6.885875
Kepler-1176 b,0.0191406,24.1738579
HAT-P-57 b,1,2.465295
Kepler-525 b,0.0213319,18.68404933
Kepler-112 b,0.0181008,8.408878
Kepler-1326 b,0.0573636,42.3514267
Kepler-748 b,0.0199266,7.40742793
Kepler-155 c,0.0168894,52.661793
Kepler-271 c,0.00291583,7.410935
Kepler-961 b,0.0201979,16.87727414
Kepler-241 c,0.0205131,36.065978
Kepler-492 b,0.643816,11.72012266
WASP-77 A b,1.75921,1.3600309
Kepler-164 c,0.022635,10.945723
Kepler-371 b,0.0139171,34.763278
Kepler-548 b,1,4.45419434
55 Cnc e,0.0263672,0.736546
HIP 57274 d,0.528573,431.7
Kepler-1254 d,0.00752338,5.72717226
HD 221287 b,3.11535,456.10001
KOI-13 b,6.515,1.76358799
Kepler-1017 b,0.0147338,7.23400469
Kepler-1100 b,0.0129028,6.42200058
Kepler-1050 b,0.0119381,15.3787546
Kepler-1460 b,0.0144664,29.9633247
Kepler-1310 b,0.0101747,0.67933627
HD 192699 b,2.29191,345.53
Kepler-178 d,0.0500833,96.678988
Kepler-1371 c,0.000601957,2.00541269
Kepler-1090 b,0.0170154,198.680179
Kepler-312 b,0.00711292,1.772419
Kepler-164 b,0.00960182,5.03503
Kepler-1557 b,0.0124263,3.74032496
Kepler-341 b,0.00523423,5.195528
Kepler-311 c,0.0100631,19.738286
Kepler-1509 b,0.0136174,25.4338197
HD 181342 b,3.14944,663
WASP-8 b,2.13797,8.158715
HD 131496 b,2.24115,883
Kepler-154 c,0.0260126,62.303276
Kepler-334 c,0.0100631,12.758005
Kepler-911 b,0.0208973,20.310501
Kepler-372 c,0.0155228,20.053763
Kepler-127 b,0.00937625,14.435889
HD 44219 b,0.589265,472.3
75 Cet b,2.7597,691.9
Kepler-27 b,0.051622,15.3348
Kepler-210 b,0.0258466,2.453234
Kepler-40 b,2.17684,6.87349
Kepler-171 c,0.020389,11.463462
Kepler-298 c,0.0142208,22.92881
Kepler-331 c,0.0135483,17.28111
Kepler-1538 b,0.0240196,175.138819
Kepler-576 b,0.0320836,29.91136794
Kepler-479 b,0.0157709,12.49341307
Kepler-915 b,0.0118373,4.59489604
HD 220074 b,11.1883,672.1
Kepler-133 b,0.0129814,8.129976
Kepler-1185 b,0.00796813,104.3518976
Kepler-788 b,0.0201979,8.39846269
WASP-89 b,5.82191,3.3564227
HAT-P-39 b,0.599196,3.54387
WASP-26 b,1.01746,2.7566
Kepler-751 b,0.0191406,17.44490636
WASP-71 b,2.242,2.9036747
HIP 2247 b,5.12319,655.6
GJ 876 d,0.0184193,1.93778
Kepler-312 c,0.0296032,19.747412
OGLE-TR-56 b,1.39,1.211909
Kepler-697 b,0.0557908,3.70987065
Kepler-826 b,0.00648186,4.48758907
Kepler-235 c,0.00692663,7.824904
Kepler-1591 b,0.00668223,8.18504949
Kepler-146 c,0.0292202,76.732171
Kepler-1633 b,0.0117956,186.404271
Kepler-903 b,0.0148244,10.3507721
Kepler-372 d,0.0125062,30.092568
Kepler-156 b,0.0174811,4.973456
HD 38529 b,0.803263,14.310195
Kepler-393 c,0.00789025,14.613612
Kepler-136 c,0.014692,16.399235
Kepler-1353 b,0.0132944,24.7543966
Kepler-436 b,0.0226353,64.00205
Kepler-1595 b,0.00609283,4.56380468
Kepler-1593 b,0.0300338,174.509835
WASP-82 b,1.25,2.705785
Kepler-1219 b,0.0157709,16.10467749
Kepler-737 b,0.0144664,28.59915399
Kepler-948 b,0.0136174,7.76846622
Kepler-1021 b,0.0178026,13.47469571
Kepler-866 b,0.0120821,2.61703254
BD +20 2457 c,6.90191,621.99
Kepler-497 b,0.122459,3.57320367
Kepler-1344 b,0.0135358,4.7683049
Kepler-1388 d,0.024536,20.9568158
Kepler-144 b,0.00789025,5.885273
HD 22781 b,13.8403,528.07
Kepler-1253 b,0.00796813,68.8861915
Kepler-208 d,0.00554835,11.131786
Kepler-286 e,0.0130508,29.221289
Kepler-351 b,0.0279223,37.054919
HD 120084 b,4.4772,2082
HD 95127 b,5.0362,482
MOA-2009-BLG-266L b,0.0327,
Kepler-755 c,0.00648186,2.85313364
Kepler-1578 b,0.00338324,1.45088691
Kepler-89 d,0.163924,23.342989
Kepler-387 b,0.00324127,6.791636
HD 20868 b,2.00901,380.85
Kepler-854 b,1,2.14463285
HAT-P-9 b,0.776601,3.92289
Kepler-410 A b,,17.833648
Kepler-33 e,0.0525296,31.7844
Kepler-1527 b,0.0754224,160.129918
Kepler-1093 b,0.0143786,25.0824626
Kepler-1024 b,0.048854,66.4162133
Kepler-1271 b,0.0112658,3.0255955
Kepler-216 c,0.0275635,17.406669
Kepler-365 c,0.0121773,17.784129
Kepler-1488 b,0.0136995,39.8189932
Kepler-19 b,0.0165942,9.2869944
Kepler-130 b,0.00313003,8.457458
Kepler-160 c,0.0400599,13.699087
Kepler-598 b,0.0118373,3.70175428
Kepler-207 c,0.0117855,3.071571
Kepler-284 b,0.0168894,12.699149
Kepler-326 b,0.0123086,2.248329
Kepler-1391 b,0.0124487,54.4092333
Kepler-1516 b,0.0129028,7.25931979
Kepler-969 b,0.015383,34.1731714
HD 107148 b,0.212171,48.056
HD 1666 b,6.47072,270
Kepler-200 c,0.011856,10.222157
Kepler-95 b,0.0409024,11.5231
Kepler-1444 b,0.0162741,33.42035034
Kepler-280 c,0.0148535,4.807091
KIC 11442793 e,0.021628,91.93913
Kepler-829 b,0.0156727,6.88337562
Kepler-249 d,0.0117295,15.368459
Kepler-812 b,0.0385876,10.11716531
HD 95872 b,4.59415,4375
Kepler-1242 b,0.017125,13.62798432
51 Peg b,0.461143,4.230785
WASP-60 b,0.512143,4.3050011
Kepler-904 b,0.0130579,3.02166863
Kepler-1113 b,0.0238504,42.3004954
Kepler-99 b,0.01935,4.60358
Kepler-1394 b,0.00915206,3.93766373
Kepler-752 b,0.0238504,18.82747265
Kepler-125 c,0.00100422,5.774464
HD 5319 c,1.15,886
Kepler-996 b,0.014644,3.77059058
Kepler-588 b,0.0213319,4.22162536
Kepler-1454 b,0.0138656,47.0319479
Kepler-319 c,0.0212781,6.941357
Kepler-1143 c,0.0397462,210.630591
Kepler-153 b,0.0255184,18.870227
Kepler-1642 c,0.021628,6.6513802
Kepler-1336 b,0.014644,23.198681
55 Cnc f,0.172877,261.2
Kepler-539 b,0.241296,125.63243
Kepler-929 b,0.00422224,0.92103214
Kepler-238 d,0.0281036,13.233549
HAT-P-54 b,0.76,3.799847
HIP 67851 b,1.41789,88.8
Kepler-845 b,0.0151003,0.92785982
Kepler-1245 c,0.0101747,2.93658468
Kepler-153 c,0.0200225,46.90232
HD 212301 b,0.39615,2.245715
Kepler-574 b,0.0183949,7.65880414
Kepler-865 b,0.0195285,14.16399294
Kepler-295 c,0.00508144,21.526258
GJ 504 b,4,
HAT-P-15 b,1.95154,10.863502
Kepler-24 e,0.0233538,18.998355
HD 209458 b,0.689646,3.52474859
Kepler-729 b,0.0391627,3.16635371
HD 102272 b,4.10898,127.58
K2-3 d,0.0116544,44.5631
HD 181433 b,0.0237331,9.3743
Kepler-898 b,0.0115494,5.8706191
HD 187123 b,0.510056,3.0965828
Kepler-1481 b,0.00609283,5.94220998
HD 108147 b,0.257999,10.8985
Kepler-82 c,0.095206,51.538
Kepler-1143 b,0.0123746,2.88890485
Kepler-1617 b,0.00553813,27.4785572
WASP-61 b,2.05491,3.8559
Kepler-58 b,0.0233176,10.2184954
eta Cet b,2.5485,407.5
Kepler-606 b,0.0327999,24.31575992
Kepler-686 b,1,1.59474546
Kepler-487 b,1,15.3587684
Kepler-957 b,0.101052,5.90741354
Kepler-1099 b,0.0240196,2.16845259
Kepler-379 b,0.0123078,20.09838
Kepler-376 b,0.00371234,4.920199
Kepler-166 d,0.0127496,1.55400393
HD 215497 c,0.327524,567.94
Kepler-1345 b,0.0181548,44.6169557
Kepler-1325 b,0.024536,33.8786838
Kepler-1624 b,0.108832,3.29030452
Kepler-1086 c,0.0257931,161.5163345
Kepler-662 b,0.0162741,21.67697486
Kepler-225 b,0.00554835,6.738975
CoRoT-17 b,2.46001,3.7681
HD 20794 d,0.0147932,90.309
xi Aql b,1.77912,136.75
Kepler-444 d,0.000340205,6.189392
Kepler-1058 b,0.0225477,110.96546
Kepler-892 b,0.0238504,13.7521072
Kepler-444 e,0.000377818,7.743493
HD 33564 b,9.12785,388
Kepler-1243 b,0.0129028,16.8320729
Kepler-635 b,0.0214793,23.44971004
Kepler-890 b,0.294675,52.75875577
HD 40979 b,4.02224,264.15
Kepler-959 b,0.0632121,14.80074836
GJ 581 c,0.0167756,12.9182
Kepler-945 b,0.0213319,31.0033814
Kepler-1303 b,0.00991268,7.56127224
HD 10180 c,0.0415054,5.75962
WASP-31 b,0.479329,3.405909
Kepler-1496 b,0.0166923,64.6588017
bet UMi b,6.1,522.3
HD 134987 c,0.804926,5000
Kepler-1118 b,0.0227057,38.6715075
Kepler-1286 b,0.0160703,11.25402929
Kepler-102 d,0.00574989,10.3117
Kepler-164 d,0.0190864,28.986769
HD 40307 b,0.0129071,4.3115
WASP-101 b,0.5,3.585722
Kepler-1395 b,0.00129651,3.78470649
Kepler-199 c,0.0316029,67.093408
Kepler-344 b,0.0210192,21.963945
Kepler-132 b,0.0057099,6.178196
iota Dra b,9.31534,511.098
HD 108874 b,1.2902,394.48124
Kepler-250 d,0.0163243,17.648312
Kepler-256 d,0.0194307,5.839172
Kepler-187 b,0.00960182,4.938864
HD 4732 b,2.37727,360.2
Kepler-991 b,0.0201979,82.5342519
Kepler-374 d,0.00749504,5.028219
Kepler-563 b,0.0285386,22.18432708
Kepler-1119 b,0.0141192,8.3265153
Kepler-383 c,0.00621274,31.200751
HD 23596 b,7.74272,1561
Kepler-1630 b,0.0163773,509.997402
Kepler-295 b,0.00587447,12.645164
Kepler-171 d,0.0139171,39.595519
HD 25171 b,0.956204,1845
HD 83443 b,0.395855,2.985698
Kepler-304 e,0.00553813,1.49914695
Kepler-287 b,0.0177874,20.342199
Kepler-1065 b,0.0434306,3.60930891
WASP-36 b,2.26929,1.5373653
Kepler-1358 b,0.00437411,7.06317341
Kepler-213 c,0.0178911,4.822962
Kepler-268 b,0.0202659,25.934138
Kepler-532 b,0.020474,12.92491623
Kepler-430 b,0.0330424,35.968
HD 43691 b,2.49717,36.959999
Kepler-204 b,0.0200225,14.400974
Kepler-149 c,0.0119837,55.328328
Kepler-1371 b,0.000951027,3.4462039
30 Ari B b,9.87792,335.1
Kepler-1120 b,0.00890695,2.94902905
Kepler-1597 b,0.00364938,2.94654179
HAT-P-6 b,1.05957,3.852985
Kepler-35 b,0.127011,131.458
Kepler-1581 b,0.00129651,6.28385491
Kepler-397 b,0.0192003,22.250949
Kepler-129 c,0.0202659,82.20017
Kepler-398 c,0.00302153,11.419412
Kepler-551 b,0.0227057,12.3764661
Kepler-850 b,0.0131362,7.19303878
Kepler-211 b,0.00656354,4.138575
Kepler-242 b,0.0210192,8.20395
Kepler-138 b,0.00021,10.312364
Kepler-389 b,0.0120453,3.244107
PSR B1257+12 A,0.0000629267,25.262
BD -08 2823 c,0.328101,237.6
Kepler-611 b,0.0122275,2.4370333
Kepler-951 b,0.104473,71.52530845
4 UMa b,7.13242,269.29999
Qatar-1 b,1.08979,1.420033
Kepler-794 b,0.0156727,11.13125132
HD 10697 b,6.23505,1075.2
Kepler-597 b,0.0181548,13.02365861
Kepler-1433 b,0.0116544,4.13592271
Kepler-194 b,0.0120453,2.092281
Kepler-1121 b,0.014034,13.15141081
HD 33844 c,1.76867,916
Kepler-221 d,0.022635,10.04156
Kepler-338 d,0.0268614,44.431014
Kepler-1575 b,0.00752338,2.55314213
Kepler-535 b,0.0181548,4.90332155
Kepler-32 e,0.0117511,2.896
HD 113337 b,2.83,324
Kepler-146 b,0.0427893,31.158799
Kepler-11 f,0.00723031,46.6888
BD +20 2457 b,11.8883,379.63
Kepler-1152 b,0.0018073,1.64680191
Kepler-176 c,0.0208911,12.759712
mu Ara d,0.0345873,9.6386
HD 3651 b,0.228975,62.218
KIC 11442793 d,0.0247111,56.73667
Kepler-714 b,0.667539,8.09888799
Kepler-1236 b,0.0159697,31.0571618
Kepler-442 b,0.00809285,112.3053
Kepler-1193 b,0.00774372,2.83265213
Kepler-1262 b,0.0133743,8.67900242
HD 99706 b,1.40289,868
Kepler-251 b,0.00789025,4.790936
HD 169830 b,2.88946,225.62
Kepler-292 c,0.0110268,3.715335
Kepler-1367 b,0.00215846,1.57409027
Kepler-491 b,0.476871,4.22538451
HD 175541 b,0.52763,297.3
Kepler-324 b,0.00464108,4.385315
Kepler-250 c,0.0172808,7.156804
Kepler-462 b,0.044402,84.6879808
Kepler-568 b,0.017125,11.02347475
Kepler-1149 b,0.0101747,3.73089898
HD 202206 c,2.33098,1383.4
Kepler-309 b,0.0116666,5.923653
Kepler-1116 b,0.0201979,41.6977827
Kepler-1146 b,0.00609283,2.3522658
Kepler-940 b,0.0335331,59.6225257
Kepler-1103 b,0.0172355,19.79191978
Kepler-1117 b,0.00422224,4.79028459
Kepler-571 b,0.0214793,4.79859939
Kepler-843 b,0.020755,2.05387982
Kepler-936 b,0.010441,10.56134221
Kepler-1339 b,0.000852625,1.34155513
Kepler-1005 b,0.0118373,6.49801525
HD 145457 b,2.97219,176.3
Kepler-261 c,0.0147725,24.570858
Kepler-465 b,0.0259788,9.94067247
Kepler-336 c,0.0156092,9.600001
Kepler-1584 b,0.0120099,13.3997099
Kepler-1475 b,0.0256089,82.177374
HD 206610 b,1.97113,610
M 67 SAND 364 b,1.88274,121.71
Kepler-711 b,0.0350514,23.58914398
Kepler-365 b,0.0151,10.664903
Kepler-1610 b,0.0120099,8.70181574
Kepler-838 b,0.0227057,15.74957994
Kepler-802 b,0.0383032,40.0587473
Kepler-1412 b,0.0015002,3.6146051
Kepler-864 b,0.0185165,5.83376092
HD 12661 c,1.9487,1707.8812
Kepler-12 b,0.431956,4.4379637
Kepler-229 d,0.0469127,41.194912
Kepler-1411 b,0.0240196,86.1150888
Kepler-1545 b,0.0222358,163.692349
KIC 11442793 c,0.0053608,8.719375
HAT-P-36 b,1.83923,1.327347
WASP-35 b,0.717098,3.161575
HD 69830 d,0.0563373,197
CoRoT-22 b,0.0383,9.75598
HD 28254 b,1.1614,1116
HD 81688 b,2.6907,184.02
HD 210277 b,1.27275,442.19
Kepler-1514 b,1,217.8317626
Kepler-132 c,0.00692663,6.414914
WTS-1 b,3.99885,3.352059
Kepler-322 b,0.00302153,1.653888
HR 8799 c,9.5,82145
Kepler-717 b,0.0187628,4.40840023
Kepler-51 b,0.00661,45.1555023
Kepler-252 b,0.00604207,6.668391
XO-1 b,0.918464,3.941534
Kepler-63 b,0.125283,9.4341505
Kepler-1423 b,0.00364938,23.955378
Kepler-33 d,0.095206,21.77596
Kepler-287 c,0.0318107,44.851896
Kepler-154 f,0.0118373,9.91935684
Kepler-245 b,0.0205131,7.49019
Kepler-537 b,0.00965491,3.24755522
Kepler-989 b,0.0165864,7.96431535
Kepler-100 c,0,12.8159
GJ 15 A b,0.0168,11.4433
Kepler-180 c,0.027035,41.885775
Kepler-82 e,0.019315,5.902206
Kepler-20 d,0.0236865,77.61184
Kepler-217 b,0.0167934,5.374943
Kepler-1523 b,0.0117956,0.93875077
Kepler-235 e,0.0166981,46.183669
Kepler-227 c,0.0275635,54.418694
Kepler-169 d,0.00638668,8.348125
Kepler-1226 b,0.010441,17.2923453
Kepler-1623 b,0.00752338,4.36128348
Kepler-254 b,0.0475314,5.826662
Kepler-79 e,0.0129,81.065298
Kepler-241 b,0.0177874,12.718092
Kepler-1525 b,0.00206633,2.41660118
Kepler-749 b,0.028747,17.31716585
55 Cnc b,0.801471,14.651
Kepler-176 e,0.010441,51.16579
Kepler-565 b,0.0409391,4.24374723
Kepler-631 b,0.0252452,17.97979059
Kepler-380 c,0.00674351,7.630004
Kepler-384 b,0.00436179,22.597053
Kepler-1592 b,0.0115145,3.05710069
Kepler-193 c,0.0229193,50.697494
Kepler-1097 b,0.0318486,187.747029
Kepler-368 c,0.0478436,72.379334
Kepler-102 f,0.00195073,27.4536
Kepler-131 c,0.0525494,25.5169
Kepler-74 b,0.66711,7.340718
HD 207832 b,0.564176,161.97
M 67 YBP 1514 b,0.397418,5.118
WASP-55 b,0.571173,4.465633
Kepler-1064 b,0.0115843,16.54080322
Kepler-280 b,0.010538,2.139542
HAT-P-56 b,2.18,2.7908327
Kepler-1277 b,0.0119381,40.8365012
Kepler-1144 b,0.0147338,17.14647302
Kepler-325 c,0.0201438,12.762172
GJ 3293 b,0.081,30.6
Kepler-547 b,0.0517963,6.01038429
HD 33283 b,0.330171,18.179001
Kepler-1312 b,0.0155754,5.44832529
Kepler-842 b,0.0119381,1.21956827
OGLE-TR-111 b,0.55,4.0144479
MOA-2007-BLG-400L b,0.83,
Kepler-704 b,0.0210409,3.76182115
HD 10180 e,0.0797893,49.747
Kepler-1532 b,0.00819664,1.09366356
Kepler-647 b,0.00501732,16.2254649
Kepler-765 b,0.0188877,27.6655226
Kepler-1016 c,0.0418568,105.6551369
Kepler-185 b,0.00508144,1.6329
55 Cnc d,3.54451,4909
HD 155233 b,1.99403,885
WASP-3 b,2.01184,1.846834
HD 148156 b,0.847612,1027
Kepler-172 d,0.0169862,14.627119
Kepler-967 c,0.0412428,198.7112502
Kepler-182 c,0.0355742,20.684342
Kepler-1016 b,0.0162741,1.95452434
Kepler-1266 b,0.0206139,28.474748
TrES-5 b,1.7781,1.4822446
Kepler-1306 b,0.014034,16.29595382
Kepler-1483 b,0.0124263,9.5085156
Kepler-1047 b,0.0154788,56.1886887
Kepler-645 b,0.0155754,3.27582262
Kepler-49 e,0.0116666,18.596108
HD 222155 b,2.02633,3999
Kepler-399 c,0.0100631,26.67569
Kepler-761 b,0.0150076,10.12804789
Kepler-1278 b,0.0030088,3.23941344
Kepler-175 c,0.0286557,34.035257
Kepler-391 c,0.0382517,20.485435
HD 73526 b,2.8556,188.3
Kepler-768 b,0.0132151,11.3910025
Kepler-879 b,0.020474,33.3855938
Kepler-1428 b,0.0121546,10.67607169
Kepler-200 b,0.0158724,8.594805
Kepler-1036 b,0.0271261,122.8808058
Kepler-1129 c,0.0227057,76.5369586
HD 117207 b,1.8189,2597
Kepler-122 d,0.0165098,21.587475
Kepler-1140 b,0.0231879,24.0862707
Kepler-1565 b,0.0053608,1.53818844
Kepler-1645 b,0.0131362,16.1779561
Kepler-769 b,0.0256089,7.42608998
Kepler-1239 b,0.0252452,5.19104016
HD 121504 b,1.2223,63.330002
Kepler-1089 b,0.0134548,5.13248562
Kepler-499 b,0.0162741,5.63252845
Kepler-852 b,0.0201979,44.9309804
Kepler-1354 b,0.0263549,76.613377
Kepler-342 e,0.00189081,1.64422461
Kepler-1366 b,0.0101747,2.16457097
HD 156846 b,11.0076,359.51001
Kepler-18 b,0.022,3.504725
Kepler-1548 b,0.0214793,124.828679
HR 8799 d,9.5,41054
HAT-P-23 b,2.09606,1.212884
HD 224693 b,0.714594,26.73
Kepler-1401 b,0.0124487,11.20066445
Kepler-505 b,0.0208973,27.52197994
Kepler-388 c,0.00170474,13.297004
Kepler-862 b,0.0165864,3.14866453
Kepler-246 c,0.0117855,11.187161
Kepler-795 b,0.0124487,29.6193421
Kepler-941 b,0.0283318,17.42395198
HD 158038 b,1.79425,521
Kepler-1502 b,0.0302544,41.7083629
Kepler-888 b,0.0129801,70.6979061
Kepler-822 b,0.0130579,3.22296927
Kepler-240 b,0.00871939,4.144495
Kepler-26 c,0.0397121,17.25204
Kepler-143 c,0.0341953,27.082511
Kepler-1469 b,0.0236826,21.8635301
Kepler-1334 b,0.0173469,15.64591713
Kepler-508 b,0.0121546,25.30889748
K2-21 c,0.014144,15.5012
Kepler-1091 b,0.0107116,1.43474156
GJ 179 b,0.824243,2288
Kepler-206 b,0.00554835,7.781987
Kepler-22 b,0.0183345,289.8623
Kepler-1101 b,0.0192688,81.3151059
Kepler-1369 b,0.0220818,25.873148
Kepler-68 c,0.015142,9.605085
Kepler-986 b,0.0181548,56.4349938
Kepler-300 b,0.0123736,10.446347
Kepler-937 b,0.0431113,67.668827
Kepler-110 c,0.0166036,31.719775
Kepler-42 d,0.000404706,1.865169
Kepler-357 d,0.0355742,49.499875
HD 143361 b,3.03499,1086
Kepler-715 b,0.0440759,10.00652995
HD 155358 b,0.819484,194.3
Kepler-134 b,0.0147725,5.317429
Kepler-369 b,0.00450004,2.732756
HD 192310 b,0.0531258,74.72
Kepler-257 d,0.0812259,24.664551
Kepler-342 b,0.0169862,15.170318
Kepler-644 b,0.029598,3.1739171
Kepler-1108 b,0.0107116,4.51005748
Kepler-119 b,0.0397965,2.422082
WASP-64 b,1.27137,1.5732918
Kepler-190 b,0.0116666,2.019999
upsilon And b,0.669277,4.6171363
Kepler-56 c,0.196739,21.4050484
Kepler-1267 b,0.0271261,13.0313945
Kepler-1138 b,0.0125983,3.17060005
Kepler-237 b,0.00960182,4.715106
Kepler-132 e,0.00518721,110.2869374
Kepler-223 e,0.0185304,19.721734
HD 86081 b,1.49595,2.1375
WASP-74 b,0.95,2.13775
HD 109246 b,0.768085,68.27
WASP-68 b,0.957019,5.084298
Kepler-81 d,0.0057099,20.837846
Kepler-68 d,0.80971,580
Kepler-403 c,0.0129124,54.280749
Kepler-197 d,0.00587447,15.677563
Kepler-1631 b,0.00819664,4.09513932
Kepler-589 b,0.0172355,16.54964934
Kepler-701 b,0.0241903,10.35533177
Kepler-1300 b,0.00866602,22.2419092
Kepler-1485 b,0.0109866,19.9157725
Kepler-348 b,0.0123086,7.05677
Kepler-341 d,0.0136211,27.666313
Kepler-1632 b,0.0192688,448.303558
HD 128311 c,3.24848,923.8
Kepler-445 d,0.00688654,8.15275
Kepler-603 b,0.0214793,21.05358596
Kepler-364 c,0.0160511,59.980627
Kepler-299 e,0.0137681,38.285489
Kepler-1075 b,0.00991268,1.52372816
K2-25 b,0.0355731,3.484552
Kepler-902 b,0.0201979,40.1099547
CoRoT-23 b,3.0853,3.6313
Kepler-1158 b,0.017919,13.5396293
Kepler-387 c,0.00192504,11.837549
Kepler-821 b,0.00752338,1.92279873
Kepler-684 b,0.0340314,6.77030201
Kepler-54 d,0.0125754,20.995694
Kepler-1082 b,0.00437411,1.5432066
Kepler-1474 b,0.0161718,36.4333452
WASP-39 b,0.284338,4.055259
Kepler-102 e,0.0280968,16.1457
Kepler-1463 b,0.0136995,25.15864
Kepler-219 b,0.0260126,4.585512
Kepler-1377 b,0.00648186,0.74092842
Kepler-549 c,0.0256089,117.040498
GJ 876 b,1.9469,61.1166
Kepler-984 b,0.0157709,43.0342272
Kepler-385 b,0.022635,10.043686
Kepler-374 b,0.00324127,1.897806
Kepler-296 e,0.0129124,34.142347
HD 164509 b,0.480333,282.4
HD 9446 b,0.698769,30.052
HD 18742 b,2.8638,772
Kepler-255 b,0.011604,5.714606
Kepler-636 b,0.0652266,16.08066115
Kepler-197 b,0.00313003,5.599308
Kepler-183 c,0.0171819,11.637071
Kepler-745 b,0.0161718,9.93143556
Kepler-517 b,0.021778,60.92832271
Kepler-232 b,0.0282863,4.431222
Kepler-345 c,0.00554835,9.387427
WASP-80 b,0.551763,3.0678504
HD 167042 b,1.63682,420.77
Kepler-1373 b,0.00485109,1.29123275
Kepler-152 b,0.0235009,18.207973
Kepler-743 b,0.00571923,3.17926292
HD 69830 b,0.0316488,8.6669998
Kepler-983 b,0.0181548,60.0855082
Kepler-8 b,0.585742,3.52254
Kepler-1014 b,0.0183949,16.57110363
Kepler-336 d,0.0182069,20.678772
Kepler-646 b,0.0147338,15.87364565
Kepler-1272 b,0.0181548,51.1309704
Kepler-353 c,0.00893492,8.410894
HD 114762 b,11.6351,83.9151
Kepler-154 b,0.0170837,33.040532
Kepler-804 b,0.0142915,14.37457351
61 Vir c,0.0333747,38.021
HD 45652 b,0.468448,43.6
Kepler-1244 b,0.00819664,3.70428172
Kepler-1386 b,0.00628541,6.73972381
Kepler-978 b,0.0267373,49.6221509
Kepler-1404 b,0.0148244,15.9314739
Kepler-735 b,0.0259788,11.51516988
Kepler-237 c,0.015437,8.103636
HAT-P-14 b,2.23603,4.627669
Kepler-972 b,0.0714653,7.03932553
Kepler-317 c,0.0127076,8.77501
Kepler-1572 b,0.00235177,5.49548621
Kepler-301 d,0.0129124,13.751243
Kepler-1363 b,0.00648186,2.94194094
Kepler-148 c,0.0397965,4.180043
Kepler-49 d,0.0119197,2.576549
Kepler-668 b,0.0222358,8.35390639
Kepler-1013 b,0.0160703,18.93054959
Kepler-796 b,0.00730709,6.40087618
Kepler-1634 b,0.0304768,374.876239
HIP 105854 b,8.2,184.2
Kepler-169 b,0.00450004,3.250619
WASP-66 b,2.31346,4.086052
HD 73256 b,1.86902,2.5485799
Kepler-1427 b,0.00407386,0.96897238
Kepler-303 c,0.00464108,7.061149
Kepler-1274 b,0.00991268,6.98152703
Kepler-1032 b,0.0137822,3.29011795
Kepler-168 b,0.0107805,4.425391
Kepler-56 b,0.0465014,10.5034294
6 Lyn b,2.20888,874.774
Kepler-238 b,0.0127755,2.090876
Kepler-151 c,0.0155228,24.674612
Kepler-1487 b,0.0158698,7.31946363
Kepler-150 b,0.00638668,3.428054
HD 180314 b,22.6261,396.03
HD 17092 b,4.96206,359.89999
Kepler-780 b,0.00189081,0.67737516
Kepler-353 b,0.00192504,5.795278
Kepler-931 b,0.00796813,8.03755877
Kepler-1246 b,0.00842926,11.32271513
Kepler-1169 b,0.00235177,6.11009134
Kepler-1105 b,0.0148244,4.42157218
HIP 57274 b,0.0365708,8.1352
Kepler-93 b,0.00814901,4.72674
Kepler-281 c,0.0938647,36.337373
WASP-94 A b,0.41865,3.9501907
Kepler-236 b,0.0117295,8.295611
HD 202206 b,16.8244,255.87
WASP-5 b,1.62423,1.6284229
Kepler-78 b,0.00585,0.35500744
Kepler-55 f,0.011856,10.198545
Kepler-314 c,0.025195,5.960392
CoRoT-2 b,3.27527,1.7429935
Kepler-447 b,1.37,7.79430132
Kepler-187 c,0.0218083,10.640263
Kepler-257 c,0.0975428,6.581484
Kepler-424 c,7.03702,223.3
Kepler-522 b,0.136066,38.58422849
HD 108874 c,1.02837,1680.3835
Kepler-1615 b,0.015288,47.3126192
GJ 832 c,0.016749,35.68
Kepler-894 b,0.0233514,9.803224
Kepler-1609 b,0.0166923,114.34219
Kepler-289 b,0.0188614,34.543901
Kepler-1524 b,0.0383032,70.9674603
Kepler-346 c,0.0281036,23.851549
Kepler-1403 b,0.0159697,5.19492202
Kepler-953 b,0.0583181,88.40655258
Kepler-1479 b,0.0134548,14.53261362
HD 200964 c,0.945722,825
HD 10180 h,0.206033,2248
HD 33142 b,1.41137,326.6
Kepler-402 e,0.0107805,11.242861
HAT-P-20 b,7.28953,2.875317
HD 7924 b,0.0273647,5.39792
Kepler-834 b,0.0149156,13.32388301
Kepler-439 b,0.0168896,178.1396
Kepler-1060 b,0.0182743,46.8779367
Kepler-1150 b,0.00313024,2.78786839
CoRoT-5 b,0.462537,4.0378962
Kepler-1184 b,0.0219292,53.5991044
WASP-47 b,1.12341,4.1591409
Kepler-194 d,0.0185304,52.814973
OGLE-2011-BLG-0251 b,0.53,
Kepler-1566 b,0.00123338,0.53991524
Kepler-36 b,0.0140379,13.83989
Kepler-161 b,0.0157841,4.921355
Kepler-943 b,0.117824,49.7701438
Kepler-899 b,0.0219292,19.17891293
HAT-P-35 b,1.05422,3.646706
HD 99109 b,0.504198,439.3
Kepler-1347 b,0.00325512,14.00947528
Kepler-649 b,0.017125,29.90722674
Kepler-778 b,0.0124487,3.75574426
Kepler-253 c,0.0215411,10.281951
Kepler-744 b,0.0120821,12.06222443
Kepler-5 b,2.11663,3.54846
Kepler-161 c,0.0151834,7.06424
HD 10647 b,0.925037,1003
Kepler-675 b,0.0190136,2.33743801
Kepler-758 d,0.0157709,20.4966197
Kepler-331 b,0.013404,8.457496
Kepler-28 c,0.0348081,8.98597
Kepler-600 b,0.0252452,23.67517607
HATS-9 b,0.837,1.9153073
Kepler-782 b,0.0307009,158.6853308
Kepler-121 b,0.0178911,3.177422
Kepler-1407 b,0.0170154,20.0711504
Kepler-816 b,0.880048,10.50682565
Kepler-1205 b,0.00965491,1.07839035
Kepler-1585 b,0.0132151,3.5827463
Kepler-621 b,0.0174594,2.62811375
Kepler-412 b,0.940391,1.720861232
upsilon And c,1.91855,241.33335
Kepler-170 c,0.0245625,16.665863
Kepler-122 b,0.0178911,5.766193
WASP-12 b,1.36063,1.09142245
Kepler-148 b,0.0132614,1.729366
HD 170469 b,0.668676,1145
Kepler-285 b,0.00809262,2.633867
HD 88133 b,0.296108,3.41587
HD 196885 b,2.9439,1333
24 Sex b,1.83564,455.2
HD 190228 b,5.94193,1136.1
Kepler-333 b,0.00769114,12.551158
Kepler-510 b,0.0192688,19.55659418
Kepler-370 c,0.0140679,19.02293
OGLE-2006-BLG-109L b,0.727,1788.5
Kepler-762 b,1,3.7705521
Kepler-111 c,0.159251,224.784608
Kepler-267 d,0.0171819,28.464515
HD 181720 b,0.37199,956
55 Cnc c,0.164558,44.38
Kepler-1125 b,0.0135358,17.6700642
Kepler-995 b,0.0222358,28.26731672
HD 156411 b,0.732711,842.2
Kepler-1196 b,0.0167991,66.1849031
HATS-3 b,1.0735,3.547851
Kepler-101 b,0.115399,3.487691
Kepler-536 b,0.028747,1.8270823
Kepler-680 b,0.0187628,3.68992629
91 Aqr b,3.07016,181.4
Kepler-362 b,0.0018494,10.327186
Kepler-301 b,0.00829825,2.508553
Kepler-1126 b,0.0127496,108.593329
Kepler-860 b,0.0313841,5.10137945
Kepler-403 b,0.00638668,7.031462
Kepler-676 b,0.0275214,11.59822172
Kepler-1596 b,0.014034,66.373379
Kepler-404 c,0.0127076,14.751166
Kepler-279 b,0.0403249,12.309681
HD 27894 b,0.617925,17.990999
Kepler-1256 b,0.0115494,12.4127754
HD 156279 b,9.7848,131.05
Kepler-411 c,0.0320836,7.83442788
Kepler-207 d,0.032872,5.868075
Kepler-502 b,0.0754224,4.28686431
Kepler-297 c,0.117213,74.920137
Kepler-436 c,0.0178026,16.79713874
Kepler-345 b,0.00100422,7.415563
Kepler-1449 b,0.0124487,13.2274528
61 Vir d,0.0715929,123.01
Kepler-141 c,0.00960182,7.010606
Kepler-1399 b,0.00648186,1.63865306
HD 179079 b,0.0837774,14.476
Kepler-504 b,0.0118667,9.54927542
Kepler-220 d,0.00271267,28.122397
OGLE-05-390L b,0.0173,3500
WASP-4 b,1.22311,1.3382299
Kepler-432 c,2.36402,406.2
Kepler-141 b,0.000786457,3.107675
Kepler-1641 b,0.028747,19.672266
Kepler-1026 b,0.0165864,36.5156053
HD 4113 b,1.64829,526.62
Kepler-488 b,1,3.12082923
HD 330075 b,0.623724,3.38773
Kepler-1029 b,0.00648186,4.41769648
Kepler-754 b,0.0148244,14.5596237
Kepler-524 c,0.00255759,1.88897906
Kepler-256 e,0.0179955,10.681572
HD 104985 b,4.9174,199.505
HATS-10 b,0.526,3.312846
Kepler-189 b,0.0057099,10.399931
Kepler-691 b,0.0154788,8.114379
Kepler-101 c,0.00789025,6.029809
Kepler-653 c,0.00123338,0.90037648
Kepler-1537 b,0.00518721,1.4444538
Kepler-750 c,0.0120821,4.08899022
HD 87883 b,1.75571,2754
Kepler-520 c,0.00364938,5.21104261
WASP-135 b,0.00189811,1.4013794
Kepler-81 c,0.0181548,12.04
Kepler-156 c,0.0202659,15.906801
Kepler-127 d,0.0214091,48.630408
Kepler-657 b,0.0377408,24.54350418
Kepler-1311 b,0.00628541,11.1726994
HD 10180 g,0.0673813,602
Kepler-1092 b,0.015383,58.6017925
Kepler-1214 b,0.0181548,18.82634264
Kepler-275 c,0.0344212,16.088134
Kepler-482 b,0.0181548,56.35418576
Kepler-1495 b,0.0257931,85.273256
Kepler-201 c,0.0244074,151.884058
WASP-94 B b,0.619839,2.00839
Kepler-208 c,0.00915403,7.466623
Kepler-722 c,0.0240196,105.144749
Kepler-1174 b,0.0118667,6.89225223
Kepler-274 b,0.0115417,11.634788
Kepler-581 b,0.0213319,40.6069821
Kepler-693 b,0.503122,15.37563332
Kepler-1102 b,0.021628,51.3285623
Kepler-769 c,0.0132151,15.9870174
Kepler-652 b,0.0195285,4.18200253
Kepler-420 b,1.45,86.647661
HD 66428 b,2.74962,1973
HD 52265 b,1.07139,119.29
HATS-14 b,1.0682,2.766741
Kepler-75 b,9.98479,8.884924
Kepler-326 c,0.00937625,4.580358
Kepler-554 b,0.0605767,1.90220856
Kepler-1294 b,0.0304768,115.6862258
Kepler-249 c,0.0120453,7.113702
Kepler-1282 b,0.0115843,2.13194651
Kepler-740 b,0.0690043,3.58410122
Kepler-79 c,0.0186,27.402
HD 16417 b,0.0669595,17.24
Kepler-251 c,0.0232079,16.514043
Kepler-15 b,0.662431,4.942782
HD 205739 b,1.48708,279.8
Kepler-851 b,0.0124487,8.50699658
Kepler-1342 b,0.0123008,2.21571036
Kepler-302 b,0.0537981,30.184104
Kepler-781 b,0.0250657,13.2140732
Kepler-317 b,0.0155228,5.524242
Kepler-152 c,0.0184218,88.255055
Kepler-343 b,0.0186399,8.96855
Kepler-1161 b,0.0158698,10.71252541
CoRoT-16 b,0.537982,5.35227
HD 216770 b,0.646927,118.45
HD 136418 b,1.9935,464.3
Kepler-907 b,0.00553813,15.86621821
Kepler-1402 b,0.00111394,2.03387914
Kepler-59 b,0.00441201,11.8681707
Kepler-98 b,0.0111695,1.54168
Kepler-192 b,0.0227766,9.926746
beta Pic b,9,7154
Kepler-1259 b,0.0101747,0.66308526
Kepler-202 c,0.0136211,16.282493
Kepler-1142 b,0.0109866,18.3027248
GJ 163 d,0.0926098,603.95116
Kepler-339 c,0.00478497,6.988055
HD 188015 b,1.46957,461.2
WASP-59 b,0.859095,7.919585
WASP-54 b,0.63273,3.6936411
Kepler-1542 b,0.00111394,3.95116882
HAT-P-8 b,1.29336,3.076337
Kepler-446 b,0.0115145,1.565409
Kepler-1533 b,0.0363708,308.5471
WASP-15 b,0.542797,3.7521
Kepler-425 b,1,3.79701816
HD 10180 d,0.0376549,16.3567
Kepler-767 b,0.121945,161.5280101
HD 9446 c,1.81548,192.9
Kepler-445 b,0.0120099,2.984151
XO-4 b,1.60254,4.1250828
WASP-48 b,0.984236,2.143634
Kepler-566 b,0.0160703,18.42794624
HD 37124 b,0.674371,154.378
Kepler-89 b,0.0287348,3.743208
WASP-32 b,3.45362,2.718661
Kepler-265 b,0.0136944,6.846262
OGLE-TR-211 b,0.757277,3.67724
gamma Cep b,1.51728,905.574
Kepler-325 b,0.0253561,4.544439
Kepler-11 g,0.0332233,118.3807
Kepler-256 b,0.011856,1.620493
Kepler-1182 b,0.0186391,11.17394617
Kepler-617 b,0.00774372,1.68269615
Kepler-1035 b,0.00501732,2.71407755
HD 1605 c,3.50295,2111
GJ 86 b,4.00104,15.76491
Kepler-470 b,1,24.66919569
Kepler-1637 b,0.00189081,6.10960324
Kepler-1346 b,0.0117956,3.40165668
HR 8799 e,7,16422
HD 8574 b,1.80603,227
Kepler-269 c,0.0125062,8.127899
MOA-2007-BLG-192L b,0.01,
Kepler-250 b,0.00450004,4.148141
HD 82886 b,1.30477,705
HD 179949 b,0.902075,3.092514
Kepler-1167 b,0.0126737,1.00393374
HD 2952 b,1.62021,311.6
Kepler-1063 b,0.0115494,14.07971466
Kepler-169 e,0.0165098,13.767102
MOA-2009-BLG-319L b,0.157,
Kepler-1340 b,0.0115843,0.66502692
HIP 14810 c,1.27518,147.76916
Kepler-358 c,0.0244074,83.488369
HD 28678 b,1.8997,387.1
WASP-56 b,0.605385,4.617101
Kepler-18 c,0.0544,7.64159
Kepler-215 e,0.0129124,68.16101
Kepler-540 b,0.0223911,172.7049784
HATS-6 b,0.319,3.3252725
Kepler-230 c,0.0151,91.773242
Kepler-739 b,0.0330424,12.53248465
Kepler-515 b,0.0107116,19.96371318
Kepler-388 b,0.00137963,3.173315
Kepler-107 e,0.0360464,14.749049
Kepler-947 b,0.0172355,26.9644317
Kepler-1560 b,0.00189081,3.03195744
Kepler-1230 b,0.0223911,9.95661537
Kepler-923 b,0.00890695,6.93366476
CoRoT-8 b,0.216078,6.21229
Kepler-723 b,1,4.08227507
Kepler-844 b,0.0124487,2.61302086
Kepler-1283 b,0.014034,12.9460978
Kepler-1430 b,0.00518721,2.46050993
Kepler-401 b,0.0126401,14.383035
Kepler-760 c,0.0112658,2.46697439
Kepler-1069 b,0.0119381,23.8990296
Kepler-291 c,0.0138423,5.700786
Kepler-1324 b,0.0121297,4.11584468
CoRoT-20 b,4.24,9.24285
Kepler-292 e,0.0218083,11.97901
HD 96167 b,0.68457,498.9
HD 43197 b,0.596868,327.8
Kepler-1388 c,0.017125,5.53608151
Kepler-912 b,0.0236826,2.53475627
Kepler-514 b,0.0126737,5.65179605
Kepler-998 b,0.0176872,5.65377733
Kepler-1129 b,0.0261661,24.3397804
Kepler-1335 b,0.010441,6.26406846
HD 37605 c,3.36552,2720
Kepler-1601 b,0.00142986,2.20921951
Kepler-659 b,0.01966,17.671796
Kepler-1332 b,0.00866602,11.87456832
Kepler-81 b,0.0187628,5.955
Kepler-814 b,0.0157709,6.1469851
Kepler-1168 b,0.01966,55.8226539
Kepler-955 b,0.0291691,14.53244172
Kepler-1328 b,0.00266535,4.52158888
HD 183263 b,3.57445,626.516
Kepler-663 b,0.0208973,4.99678284
Kepler-624 b,0.0175728,14.58649607
Kepler-1526 b,0.0188877,3.908632
Kepler-347 c,0.0129124,27.320871
Kepler-699 b,1,27.80756293
Kepler-32 c,0.0147699,8.7522
Kepler-23 b,0.0139795,7.10664
WASP-23 b,0.872226,2.9444256
Kepler-594 b,0.0162741,13.64618192
11 Com b,16.1284,326.03
HD 145377 b,5.78201,103.95
Kepler-1554 b,0.0252452,198.088774
Kepler-650 b,0.0261661,3.03214559
Kepler-289 d,0.012,66.0634
Kepler-1429 b,0.00709482,4.48487493
Kepler-194 c,0.0207641,17.308032
CoRoT-25 b,0.27,4.86069
Kepler-419 c,7.3,675.47
Kepler-332 b,0.00508144,7.626324
omicron CrB b,1.47736,187.83
Kepler-229 c,0.0802152,16.068638
Kepler-954 b,0.0176872,16.78176602
Kepler-1408 b,0.00189081,2.99793191
Kepler-779 b,0.00215846,7.09714223
OGLE-TR-132 b,1.18,1.689868
beta Gem b,2.75822,589.64001
Kepler-633 b,0.0120821,8.50340718
Kepler-1159 b,0.0181548,22.70816791
Kepler-1443 b,0.00266535,2.41811321
Pr 201 b,0.540155,4.4264
Kepler-541 b,0.0340314,5.08005848
Kepler-937 c,0.021778,153.343364
Kepler-625 c,0.00351465,4.1653651
WASP-52 b,0.457165,1.7497798
Kepler-953 c,0.0053608,9.10967112
Kepler-337 c,0.0151834,9.693201
Kepler-213 b,0.0120479,2.46236
Kepler-386 c,0.0117926,25.193458
Kepler-1186 b,0.0167991,16.07677615
Kepler-927 b,0.0126737,9.1149903
Kepler-660 b,0.020474,9.27358194
Kepler-1385 b,0.00164848,2.88879862
47 UMa b,2.54589,1078
HD 240210 b,7.28868,501.75
Kepler-1255 b,0.0176872,36.2919336
Kepler-804 c,0.00468851,9.65185017
Kepler-906 b,0.0156727,41.6979976
Kepler-304 b,0.0245625,3.295709
Kepler-149 d,0.0504114,160.018032
Kepler-1625 b,0.123396,287.378949
Kepler-77 b,0.430957,3.57878087
Kepler-719 b,0.4002,5.00731778
HD 109749 b,0.27467,5.24
Kepler-1455 b,0.0161718,49.276764
Kepler-775 b,0.0053608,0.97486893
HD 45364 c,0.658513,342.85
Kepler-55 d,0.011856,2.211099
Kepler-685 b,1,1.6255222
Kepler-500 b,0.0206139,8.5083244
Kepler-327 b,0.00422638,2.549575
Kepler-1162 b,0.0165864,32.5637069
Kepler-721 b,0.0214793,5.39202539
WASP-50 b,1.47244,1.9550959
Kepler-1540 b,0.0195285,125.4131177
HD 11506 c,0.36,223.6
Kepler-607 b,0.0018073,0.6381632
Kepler-1317 b,0.0116544,0.56887443
Kepler-1507 b,0.00157306,16.0506213
Kepler-1384 b,0.0142915,15.36262753
Kepler-217 d,0.00774372,3.88689525
Kepler-1007 b,0.0101747,5.18500207
HD 159243 c,1.9,248.4
Kepler-1477 b,0.00518721,11.55530021
Kepler-87 c,0.0201366,191.2318
Kepler-105 c,0.0119837,7.125939
WASP-98 b,0.83,2.96264
Kepler-1547 b,0.00197713,0.69297968
Kepler-195 c,0.011604,34.096863
GJ 3470 b,0.0440093,3.336649
K2-22 b,,0.381078
Kepler-696 b,0.136415,4.19042557
Kepler-1133 b,0.0145548,11.55562343
Kepler-290 c,0.0222169,36.77031
Kepler-801 b,0.0147338,11.41928253
Kepler-334 d,0.00960182,25.09849
Kepler-1620 b,0.0120099,101.951829
Kepler-1644 b,0.0138656,21.0907758
Kepler-273 c,0.0146122,8.014927
Kepler-789 b,0.0157709,8.63847725
Kepler-625 b,0.0147338,7.75192492
eta Cet c,3.28703,744.5
Kepler-266 b,0.0194307,6.61833
Kepler-641 b,0.0136174,9.48961571
HD 96127 b,4.00701,647.3
Kepler-223 b,0.0125062,7.384108
HD 17156 b,3.30275,21.21663
Kepler-1038 b,0.038021,148.4603382
Kepler-137 c,0.0138423,18.735753
Kepler-990 b,0.0208973,9.91723428
Kepler-116 c,0.0174811,13.07163
Kepler-1137 b,0.0164814,23.9210791
Kepler-117 b,0.194248,18.795952
Kepler-1264 b,0.00518721,0.96852602
Kepler-513 b,0.0164814,28.86235584
HAT-P-44 b,0.352,4.301219
Kepler-381 c,0.00436179,13.391635
HD 16760 b,13.2921,465.1
HD 30562 b,1.33254,1157
Kepler-354 d,0.00621274,24.209842
Kepler-332 c,0.00396389,15.995622
Kepler-46 b,0.314805,33.60134
Kepler-1215 b,0.00590412,4.76703963
Kepler-920 b,0.0187628,6.53192704
WASP-100 b,2.03,2.849375
Kepler-1086 b,0.0190136,18.78425728
Kepler-1465 b,0.0130579,31.8277111
epsilon CrB b,6.04937,417.9
omicron UMa b,4.09607,1630
Kepler-367 b,0.00730238,37.815724
TrES-2 b,1.20071,2.47063
Kepler-235 d,0.0151834,20.060548
Kepler-282 c,0.00554835,13.638723
Kepler-614 b,0.0183949,14.03491514
Kepler-1018 b,0.0206139,49.1013514
Kepler-799 b,0.13484,133.4605235
Kepler-857 b,0.130623,85.35129427
Kepler-979 b,0.0225477,8.0880135
HD 11755 b,6.55071,433.7
HD 102195 b,0.452799,4.113775
Kepler-1320 b,0.0125983,0.86838653
Kepler-432 b,5.41,52.501129
Kepler-855 b,0.372141,7.8866311
Kepler-1600 b,0.0291691,386.370548
Kepler-324 c,0.0296032,51.805612
Kepler-1189 b,0.0130579,3.78858982
HD 75289 b,0.46004,3.509267
Kepler-394 c,0.0123078,12.130686
Kepler-1370 c,0.00668223,7.44142113
Kepler-385 c,0.0275635,15.163161
HD 185269 b,0.954212,6.8378503
WASP-7 b,0.919279,4.954658
WASP-41 b,0.939101,3.052404
BD -10 3166 b,0.429903,3.48777
HD 190360 b,1.53512,2915.0369
HAT-P-13 c,14.2696,446.27
Kepler-304 c,0.0162325,5.315946
Kepler-303 b,0.00192504,1.937055
Kepler-1431 b,0.0109866,5.86601526
Kepler-1163 b,0.00325512,6.11786898
GJ 317 b,1.26045,692
Kepler-526 b,0.0147338,5.45849832
Kepler-591 b,0.0345375,81.1694299
HD 37605 b,2.80174,55.01307
WASP-44 b,0.889836,2.4238039
Kepler-260 c,0.0128437,76.050178
Kepler-602 b,0.0154788,15.28469497
Kepler-286 c,0.00871939,3.468095
Kepler-1023 b,0.0213319,62.1387714
Kepler-1362 b,0.0208973,136.205626
Kepler-708 b,0.0256089,3.16789194
CoRoT-12 b,0.91918,2.828042
CoRoT-1 b,1.02979,1.5089557
HD 125612 c,0.0580667,4.15474
Kepler-1202 b,0.0257931,28.6851324
Kepler-753 b,0.014034,5.74772501
Kepler-267 b,0.0146122,3.353728
Kepler-112 c,0.0185304,28.574263
Kepler-1134 b,0.0214793,17.13263989
GJ 581 b,0.0499019,5.36865
HD 75784 b,5.6,5040
Kepler-622 b,0.0158698,14.28226676
Kepler-173 b,0.00711292,4.263742
HD 102117 b,0.169756,20.8133
Kepler-446 c,0.00452953,3.036179
Kepler-301 c,0.00829825,5.419026
Kepler-1114 b,0.00819664,14.97435694
Kepler-1154 b,0.017919,5.1856142
Kepler-1059 b,0.0127496,3.76419105
HD 189733 b,1.1436,2.21857567
HD 108863 b,2.76572,443.4
Kepler-582 b,0.0418568,18.49235668
Kepler-629 b,0.00890695,7.2385854
HD 10442 b,2.1,1043
Kepler-404 b,0.00674351,11.829851
Kepler-285 c,0.00436179,6.186676
Kepler-174 c,0.0115291,44.000529
Kepler-286 b,0.00621274,1.796302
Kepler-1213 b,0.0053608,5.34982412
Kepler-867 b,0.0711111,150.242127
Kepler-206 d,0.00538981,23.44281
Kepler-209 c,0.0286557,41.749882
Kepler-1438 b,0.00235177,2.31942009
HD 1502 b,2.9072,431.8
HD 142022 b,4.46762,1928
GJ 3293 c,0.081,123.75
Kepler-1061 b,0.014644,2.75798267
Kepler-134 c,0.00656354,10.105785
Kepler-126 b,0.0123086,10.495711
Kepler-329 c,0.0142208,18.684737
Kepler-766 b,0.0345375,6.10027804
Kepler-131 b,0.0526382,16.092
WASP-72 b,1.40771,2.216726
Kepler-887 b,0.0135358,20.42228798
Kepler-819 b,0.0230257,33.1995648
HD 212771 b,2.70016,373.3
WASP-47 d,0.0405776,9.03081
Kepler-135 b,0.0133325,6.00253
HD 134987 b,1.56347,258.18
Kepler-441 b,0.0121773,207.2482
Kepler-149 b,0.0581875,29.198943
Kepler-1228 b,0.0115145,0.57736958
Kepler-289 c,1,125.866438
Kepler-956 b,0.0269309,5.24867263
HD 187123 c,1.9422,3805.6705
HD 101930 b,0.299187,70.459999
Kepler-46 c,0.376,57.011
Kepler-1281 b,0.0121546,3.11602791
Kepler-1640 b,0.0768885,7.5844126
Kepler-174 d,0.0164167,247.35373
Kepler-253 d,0.0299917,18.119869
Kepler-914 b,0.00890695,4.40966548
HD 131664 b,18.3282,1951
HIP 57050 b,0.297735,41.397
GJ 687 b,0.058,38.14
Kepler-9 d,0.0121773,1.592851
Kepler-49 b,0.0224607,7.2037945
WASP-73 b,1.88059,4.08722
Kepler-1467 b,0.0325593,47.0569043
Kepler-643 b,0.498041,16.33889626
WASP-67 b,0.41931,4.61442
HD 147018 c,6.59355,1008
Kepler-1055 b,0.00609283,2.29503623
Kepler-1254 b,0.0115843,9.99113313
Kepler-1329 b,0.0162741,9.33646594
Kepler-531 b,0.0233514,29.88485741
Kepler-1261 b,0.017125,48.4308991
Kepler-32 b,0.0165128,5.90124
Kepler-1521 b,0.01966,47.14840805
HD 92788 b,3.56392,325.81
Kepler-83 c,0.0181548,20.09
Kepler-694 b,0.0236826,6.36584161
CoRoT-26 b,0.479479,4.20474
HAT-P-12 b,0.210804,3.2130598
Kepler-178 c,0.0248763,20.552802
Kepler-994 b,0.0119381,1.15116651
Kepler-603 c,0.115338,127.9075774
Kepler-82 d,0.0130508,2.382961
Kepler-1417 b,0.00289089,20.3505213
HD 114613 b,0.506039,3827
Kepler-130 d,0.0121773,87.517905
HD 154857 b,2.24797,408.6
Kepler-106 e,0.0203863,43.8445
Kepler-355 b,0.0107805,11.03189
Kepler-220 c,0.0117295,9.034199
Kepler-243 b,0.0190864,5.715442
Kepler-712 b,0.0350514,21.02247699
Kepler-297 b,0.0247188,38.871826
Kepler-220 b,0.00137963,4.159807
Kepler-483 b,0.0307009,30.229104
Kepler-245 c,0.0163243,17.460812
Kepler-25 c,0.0899033,12.7204
Kepler-1435 b,0.00172655,4.45343281
Kepler-1405 b,0.0503054,28.2274184
HD 163607 b,0.768857,75.29
Kepler-1254 c,0.00730709,3.60084276
Kepler-1397 b,0.0126737,47.449955
HATS-2 b,1.34915,1.354133
HD 19994 b,1.32681,466.2
Kepler-619 b,0.029815,5.4042722
WASP-29 b,0.242991,3.922727
OGLE-TR-182 b,1.0245,3.9791
Kepler-1289 b,0.0124263,7.99019627
Kepler-1576 b,0.00338324,6.98471973
HD 85512 b,0.0113953,58.43
HD 106252 b,6.95913,1531
Kepler-222 d,0.0422294,28.081912
Kepler-1304 b,0.0173469,16.1288853
Kepler-1546 b,0.0291691,19.5974971
Kepler-394 b,0.0119197,8.005013
Kepler-1250 b,0.0141192,2.60754383
18 Del b,10.298,993.3
Kepler-218 b,0.0112762,3.619337
Kepler-54 c,0.00602351,12.0717249
Kepler-33 b,0.0128331,5.66793
Kepler-1437 b,0.00866602,10.9295461
Kepler-391 b,0.0305853,7.416755
Kepler-618 b,0.0208973,3.59576964
Kepler-55 e,0.011604,4.617534
Kepler-34 b,0.220004,288.822
Kepler-255 d,0.00774372,1.04562266
Kepler-1085 b,0.154219,219.3217528
Kepler-383 b,0.00769114,12.904532
Kepler-444 f,0.00108547,9.740486
HD 171028 b,1.98809,550
Kepler-336 b,0.00313003,2.024823
WASP-1 b,0.918,2.5199449
XO-5 b,1.15251,4.1877537
HAT-P-3 b,0.595712,2.899703
Kepler-1175 b,0.0267373,37.94563
Kepler-1421 b,0.00225358,6.9131112
Kepler-1626 b,0.0149156,4.13962966
Kepler-252 c,0.0160511,10.848463
Kepler-718 b,1,2.0523499
Kepler-247 b,0.0121773,3.33616
Kepler-251 e,0.0232079,99.640161
Kepler-1583 b,0.000499273,9.32807355
Kepler-282 b,0.00302153,9.220524
Kepler-354 c,0.00749504,16.934402
Kepler-1529 b,0.0155754,5.33905686
Kepler-1446 b,0.00142986,0.68996783
upsilon And d,4.11582,1278.1218
Kepler-1098 b,0.00730709,2.54307286
Kepler-102 b,0,5.28696